Workbook

Sheet Kangatang

Sheet Jan
A1: 일일 생산량 현황
B3: 12월31일 | C3: 절포 | D3: 생산량 | E3: LOT | F3: LOT | G3: LOT | H3: LOT | I3: LOT | J3: LOT | K3: LOT | L3: LOT | M3: LOT | N3: LOT | O3: LOT | P3: LOT | Q3: LOT | R3: LOT | S3: LOT | T3: LOT | U3: LOT | V3: LOT | W3: LOT | X3: LOT | Y3: LOT | Z3: LOT | AA3: LOT | AB3: LOT | AC3: LOT | AD3: LOT | AE3: LOT | AF3: 1월2일 | AG3: 절포 | AH3: 생산량 | AI3: 1월3일 | AJ3: 절포 | AK3: 생산량 | AL3: 1월4일 | AM3: 절포 | AN3: 생산량 | AO3: 1월5일 | AP3: 절포 | AQ3: 생산량 | AR3: 1월6일 | AS3: 절포 | AT3: 생산량 | AU3: 1월7일 | AV3: 절포 | AW3: 생산량 | AX3: 1월8일 | AY3: 절포 | AZ3: 생산량 | BA3: 1월9일 | BB3: 절포 | BC3: 생산량 | BD3: 1월10일 | BE3: 절포 | BF3: 생산량 | BG3: 1월11일 | BH3: 절포 | BI3: 생산량 | BJ3: 1월12일 | BK3: 절포 | BL3: 생산량 | BM3: 1월13일 | BN3: 절포 | BO3: 생산량 | BP3: 1월14일 | BQ3: 절포 | BR3: 생산량 | BS3: 1월15일 | BT3: 절포 | BU3: 생산량 | BV3: 1월16일 | BW3: 절포 | BX3: 생산량 | BY3: 1월17일 | BZ3: 절포 | CA3: 생산량 | CB3: 1월18일 | CC3: 절포 | CD3: 생산량 | CE3: 1월19일 | CF3: 절포 | CG3: 생산량 | CH3: 1월20일 | CI3: 절포 | CJ3: 생산량 | CK3: 1월21일 | CL3: 절포 | CM3: 생산량 | CN3: 1월22일 | CO3: 절포 | CP3: 생산량 | CQ3: 1월23일 | CR3: 절포 | CS3: 생산량 | CT3: 1월24일 | CU3: 절포 | CV3: 생산량 | CW3: 1월25일 | CX3: 절포 | CY3: 생산량 | CZ3: 1월26일 | DA3: 절포 | DB3: 생산량 | DC3: 1월27일 | DD3: 절포 | DE3: 생산량 | DF3: 1월28일 | DG3: 절포 | DH3: 생산량 | DI3: 1월29일 | DJ3: 절포 | DK3: 생산량 | DL3: 1월30일 | DM3: 절포 | DN3: 생산량 | DO3: 1월31일 | DP3: 절포 | DQ3: 생산량
A4: 호기 | E4: 46022 | F4: 46024 | G4: 46025 | H4: 46027 | I4: 46028 | J4: 46029 | K4: 46030 | L4: 46031 | M4: 46032 | N4: 46034 | O4: 46035 | P4: 46036 | Q4: 46037 | R4: 46038 | S4: 46039 | T4: 46041 | U4: 46042 | V4: 46043 | W4: 46044 | X4: 46045 | Y4: 46046 | Z4: 46048 | AA4: 46049 | AB4: 46050 | AC4: 46051 | AD4: 46052 | AE4: 46053
A5: 1 | B5: 308 | C5: 1279 | D5: 367 | E5: 011-3 | F5: 011-3 | G5: ACZ07 | H5: ACZ07 | I5: ACZ07 | J5: ACZ07 | K5: ACZ07 | L5: ACZ07 | M5: ACZ07 | N5: 011-3 | O5: 011-3 | P5: 011-3 | Q5: 011-3 | R5: 011-3 | S5: 011-3 | T5: 011-3 | U5: 011-3 | V5: 011-3 | W5: 011-3 | X5: 011-3 | Y5: 011-3 | Z5: 011-3 | AA5: 011-3 | AB5: 011-3 | AC5: 011-3 | AD5: 011-3 | AE5: 011-3 | AF5: 685 | AH5: =AG5+AF5-B5 -> 377 | AI5: 246 | AJ5: 690 | AK5: =AJ5+AI5-AF5 -> 251 | AO5: 566 | AQ5: =AP5+AO5-AI5 -> 320 | AR5: 285 | AS5: 610 | AT5: =AS5+AR5-AO5 -> 329 | AU5: 25 | AV5: 610 | AW5: =AV5+AU5-AR5 -> 350 | AX5: 377 | AZ5: =AY5+AX5-AU5 -> 352 | BA5: 133 | BB5: 600 | BC5: =BB5+BA5-AX5 -> 356 | BD5: 0 | BE5: 462 | BF5: =BE5+BD5-BA5 -> 329 | BJ5: 263 | BL5: =BK5+BJ5-BD5 -> 263 | BM5: 618 | BO5: =BN5+BM5-BJ5 -> 355 | BP5: 233 | BQ5: 750 | BR5: =BQ5+BP5-BM5 -> 365 | BS5: 96 | BT5: 479 | BU5: =BT5+BS5-BP5 -> 342 | BV5: 448 | BX5: =BW5+BV5-BS5 -> 352 | BY5: 783 | CA5: =BZ5+BY5-BV5 -> 335 | CE5: 1134 | CG5: =CF5+CE5-BY5 -> 351 | CH5: 1489 | CJ5: =CI5+CH5-CE5 -> 355 | CK5: 277 | CL5: 1560 | CM5: =CL5+CK5-CH5 -> 348 | CN5: 637 | CP5: =CO5+CN5-CK5 -> 360 | CQ5: 998 | CS5: =CR5+CQ5-CN5 -> 361 | CT5: 1340 | CV5: =CU5+CT5-CQ5 -> 342 | CZ5: 136 | DA5: 1560 | DB5: =DA5+CZ5-CT5 -> 356 | DC5: 481 | DE5: =DD5+DC5-CZ5 -> 345 | DF5: 840 | DH5: =DG5+DF5-DC5 -> 359 | DI5: 1200 | DK5: =DJ5+DI5-DF5 -> 360 | DL5: 1561 | DN5: =DM5+DL5-DI5 -> 361 | DO5: 333 | DP5: 1565 | DQ5: =DP5+DO5-DL5 -> 337
A6: 2 | B6: 607 | D6: 373 | E6: SC-1020 | F6: SC-1020 | G6: SC-1020 | H6: SC-1004 | I6: SC-1004 | J6: SC-1004 | K6: SC-1004 | L6: SC-1004 | M6: SC-1004 | N6: SC-1004 | O6: SC-1004 | P6: SC-1004 | Q6: SC-1004 | R6: SC-1004 | S6: SC-1004 | T6: SC-1004 | U6: SC-1004 | V6: SC-1004 | W6: SC-1004 | X6: SC-1004 | Y6: SC-1004 | Z6: SC-1004 | AA6: SC-1004 | AB6: SC-1004 | AC6: SC-1004 | AD6: SC-1004 | AE6: SC-1004 | AF6: 978 | AH6: =AG6+AF6-B6 -> 371 | AI6: 0 | AJ6: 1273 | AK6: =AJ6+AI6-AF6 -> 295 | AO6: 159 | AQ6: =AP6+AO6-AI6 -> 159 | AR6: 402 | AT6: =AS6+AR6-AO6 -> 243 | AU6: 641 | AW6: =AV6+AU6-AR6 -> 239 | AX6: 180 | AY6: 702 | AZ6: =AY6+AX6-AU6 -> 241 | BA6: 409 | BC6: =BB6+BA6-AX6 -> 229 | BD6: 633 | BF6: =BE6+BD6-BA6 -> 224 | BJ6: 865 | BL6: =BK6+BJ6-BD6 -> 232 | BM6: 1096 | BO6: =BN6+BM6-BJ6 -> 231 | BP6: 1330 | BR6: =BQ6+BP6-BM6 -> 234 | BS6: 1563 | BU6: =BT6+BS6-BP6 -> 233 | BV6: 1787 | BX6: =BW6+BV6-BS6 -> 224 | BY6: 6 | BZ6: 1995 | CA6: =BZ6+BY6-BV6 -> 214 | CE6: 228 | CG6: =CF6+CE6-BY6 -> 222 | CH6: 462 | CJ6: =CI6+CH6-CE6 -> 234 | CK6: 691 | CM6: =CL6+CK6-CH6 -> 229 | CN6: 924 | CP6: =CO6+CN6-CK6 -> 233 | CQ6: 1150 | CS6: =CR6+CQ6-CN6 -> 226 | CT6: 1375 | CV6: =CU6+CT6-CQ6 -> 225 | CZ6: 1609 | DB6: =DA6+CZ6-CT6 -> 234 | DC6: 1841 | DE6: =DD6+DC6-CZ6 -> 232 | DF6: 73 | DG6: 2000 | DH6: =DG6+DF6-DC6 -> 232 | DI6: 305 | DK6: =DJ6+DI6-DF6 -> 232 | DL6: 536 | DN6: =DM6+DL6-DI6 -> 231 | DO6: 751 | DQ6: =DP6+DO6-DL6 -> 215
A7: 3 | B7: 1159 | D7: 369 | E7: SC-1020 | F7: SC-1020 | G7: ACZ07 | H7: ACZ07 | I7: ACZ07 | J7: ACZ07 | K7: ACZ07 | L7: ACZ07 | M7: ACZ07 | N7: ACZ07 | O7: ACZ07 | P7: ACZ07 | Q7: SC-1020 | R7: SC-1020 | S7: SC-1020 | T7: SC-1020 | U7: SC-1020 | V7: SC-1020 | W7: SC-1020 | X7: SC-1020 | Y7: SC-1020 | Z7: SC-1020 | AA7: SC-1020 | AB7: SC-1020 | AC7: SC-1020 | AD7: SC-1020 | AE7: SC-1020 | AF7: 1534 | AH7: =AG7+AF7-B7 -> 375 | AI7: 273 | AJ7: 1539 | AK7: =AJ7+AI7-AF7 -> 278 | AO7: 10 | AP7: 600 | AQ7: =AP7+AO7-AI7 -> 337 | AR7: 346 | AT7: =AS7+AR7-AO7 -> 336 | AU7: 80 | AV7: 600 | AW7: =AV7+AU7-AR7 -> 334 | AX7: 432 | AZ7: =AY7+AX7-AU7 -> 352 | BA7: 177 | BB7: 600 | BC7: =BB7+BA7-AX7 -> 345 | BD7: 518 | BF7: =BE7+BD7-BA7 -> 341 | BJ7: 270 | BK7: 600 | BL7: =BK7+BJ7-BD7 -> 352 | BM7: 0 | BN7: 608 | BO7: =BN7+BM7-BJ7 -> 338 | BP7: 0 | BR7: =BQ7+BP7-BM7 -> 0 | BS7: 0 | BU7: =BT7+BS7-BP7 -> 0 | BV7: 0 | BX7: =BW7+BV7-BS7 -> 0 | BY7: 0 | CA7: =BZ7+BY7-BV7 -> 0 | CE7: 0 | CG7: =CF7+CE7-BY7 -> 0 | CH7: 310 | CJ7: =CI7+CH7-CE7 -> 310 | CK7: 695 | CM7: =CL7+CK7-CH7 -> 385 | CN7: 1077 | CP7: =CO7+CN7-CK7 -> 382 | CQ7: 1445 | CS7: =CR7+CQ7-CN7 -> 368 | CT7: 232 | CU7: 1560 | CV7: =CU7+CT7-CQ7 -> 347 | CZ7: 605 | DB7: =DA7+CZ7-CT7 -> 373 | DC7: 971 | DE7: =DD7+DC7-CZ7 -> 366 | DF7: 1333 | DH7: =DG7+DF7-DC7 -> 362 | DI7: 124 | DJ7: 1560 | DK7: =DJ7+DI7-DF7 -> 351 | DL7: 492 | DN7: =DM7+DL7-DI7 -> 368 | DO7: 0 | DP7: 760 | DQ7: =DP7+DO7-DL7 -> 268
A8: 4 | B8: 556 | D8: 351 | E8: SC-1020 | F8: SC-1020 | G8: SC-1020 | H8: SC-1020 | I8: SC-1020 | J8: SC-1020 | K8: SC-1020 | L8: SC-1020 | M8: SC-1020 | N8: SC-1020 | O8: SC-1020 | P8: SC-1020 | Q8: SC-1020 | R8: SC-1020 | S8: SC-1020 | T8: SC-1020 | U8: SC-1020 | V8: SC-1020 | W8: SC-1020 | X8: SC-1020 | Y8: SC-1020 | Z8: SC-1020 | AA8: SC-1020 | AB8: SC-1020 | AC8: SC-1020 | AD8: SC-1020 | AE8: SC-1020 | AF8: 337 | AG8: 586 | AH8: =AG8+AF8-B8 -> 367 | AI8: 683 | AK8: =AJ8+AI8-AF8 -> 346 | AO8: 1045 | AQ8: =AP8+AO8-AI8 -> 362 | AR8: 1415 | AT8: =AS8+AR8-AO8 -> 370 | AU8: 212 | AV8: 1560 | AW8: =AV8+AU8-AR8 -> 357 | AX8: 577 | AZ8: =AY8+AX8-AU8 -> 365 | BA8: 946 | BC8: =BB8+BA8-AX8 -> 369 | BD8: 1306 | BF8: =BE8+BD8-BA8 -> 360 | BJ8: 121 | BK8: 1560 | BL8: =BK8+BJ8-BD8 -> 375 | BM8: 162 | BN8: 323 | BO8: =BN8+BM8-BJ8 -> 364 | BP8: 537 | BR8: =BQ8+BP8-BM8 -> 375 | BS8: 907 | BU8: =BT8+BS8-BP8 -> 370 | BV8: 1268 | BX8: =BW8+BV8-BS8 -> 361 | BY8: 109 | BZ8: 1503 | CA8: =BZ8+BY8-BV8 -> 344 | CE8: 470 | CG8: =CF8+CE8-BY8 -> 361 | CH8: 543 | CJ8: =CI8+CH8-CE8 -> 73 | CK8: 543 | CM8: =CL8+CK8-CH8 -> 0 | CN8: 0 | CO8: 771 | CP8: =CO8+CN8-CK8 -> 228 | CQ8: 279 | CS8: =CR8+CQ8-CN8 -> 279 | CT8: 635 | CV8: =CU8+CT8-CQ8 -> 356 | CZ8: 1006 | DB8: =DA8+CZ8-CT8 -> 371 | DC8: 1374 | DE8: =DD8+DC8-CZ8 -> 368 | DF8: 176 | DG8: 1560 | DH8: =DG8+DF8-DC8 -> 362 | DI8: 534 | DK8: =DJ8+DI8-DF8 -> 358 | DL8: 891 | DN8: =DM8+DL8-DI8 -> 357 | DO8: 1227 | DQ8: =DP8+DO8-DL8 -> 336
A9: 5 | B9: 992 | D9: 367 | E9: SC-1020 | F9: SC-1020 | G9: ACZ07 | H9: ACZ07 | I9: ACZ07 | J9: ACZ07 | K9: ACZ07 | L9: ACZ07 | M9: ACZ07 | N9: ACZ07 | O9: ACZ07 | P9: ACZ07 | Q9: SC-1020 | R9: SC-1020 | S9: SC-1020 | T9: SC-1020 | U9: SC-1020 | V9: SC-1020 | W9: SC-1020 | X9: SC-1020 | Y9: SC-1020 | Z9: SC-1020 | AA9: SC-1020 | AB9: SC-1020 | AC9: SC-1020 | AD9: SC-1020 | AE9: SC-1020 | AF9: 1368 | AH9: =AG9+AF9-B9 -> 376 | AI9: 266 | AJ9: 1373 | AK9: =AJ9+AI9-AF9 -> 271 | AO9: 10 | AP9: 600 | AQ9: =AP9+AO9-AI9 -> 344 | AR9: 361 | AT9: =AS9+AR9-AO9 -> 351 | AU9: 98 | AV9: 600 | AW9: =AV9+AU9-AR9 -> 337 | AX9: 456 | AZ9: =AY9+AX9-AU9 -> 358 | BA9: 208 | BB9: 600 | BC9: =BB9+BA9-AX9 -> 352 | BD9: 548 | BF9: =BE9+BD9-BA9 -> 340 | BJ9: 298 | BK9: 600 | BL9: =BK9+BJ9-BD9 -> 350 | BM9: 629 | BO9: =BN9+BM9-BJ9 -> 331 | BP9: 0 | BQ9: 629 | BR9: =BQ9+BP9-BM9 -> 0 | BS9: 0 | BU9: =BT9+BS9-BP9 -> 0 | BV9: 0 | BX9: =BW9+BV9-BS9 -> 0 | BY9: 0 | CA9: =BZ9+BY9-BV9 -> 0 | CE9: 0 | CG9: =CF9+CE9-BY9 -> 0 | CH9: 306 | CJ9: =CI9+CH9-CE9 -> 306 | CK9: 664 | CM9: =CL9+CK9-CH9 -> 358 | CN9: 1039 | CP9: =CO9+CN9-CK9 -> 375 | CQ9: 1400 | CS9: =CR9+CQ9-CN9 -> 361 | CT9: 182 | CU9: 1560 | CV9: =CU9+CT9-CQ9 -> 342 | CZ9: 549 | DB9: =DA9+CZ9-CT9 -> 367 | DC9: 301 | DD9: 600 | DE9: =DD9+DC9-CZ9 -> 352 | DF9: 655 | DH9: =DG9+DF9-DC9 -> 354 | DI9: 1021 | DK9: =DJ9+DI9-DF9 -> 366 | DL9: 1389 | DN9: =DM9+DL9-DI9 -> 368 | DO9: 162 | DP9: 1560 | DQ9: =DP9+DO9-DL9 -> 333
A10: 6 | B10: 51 | C10: 1561 | D10: 375 | E10: 011-3 | F10: 011-3 | G10: 011-3 | H10: 011-3 | I10: 011-3 | J10: 011-3 | K10: 011-3 | L10: 011-3 | M10: 011-3 | N10: 011-3 | O10: 011-3 | P10: 011-3 | Q10: 011-3 | R10: 011-3 | S10: SC-1020 | T10: SC-1020 | U10: SC-1020 | V10: SC-1020 | W10: SC-1020 | X10: SC-1020 | Y10: SC-1020 | Z10: SC-1020 | AA10: SC-1020 | AB10: SC-1020 | AC10: SC-1020 | AD10: SC-1020 | AE10: SC-1020 | AF10: 425 | AH10: =AG10+AF10-B10 -> 374 | AI10: 785 | AK10: =AJ10+AI10-AF10 -> 360 | AO10: 1160 | AQ10: =AP10+AO10-AI10 -> 375 | AR10: 1538 | AT10: =AS10+AR10-AO10 -> 378 | AU10: 349 | AV10: 1560 | AW10: =AV10+AU10-AR10 -> 371 | AX10: 727 | AZ10: =AY10+AX10-AU10 -> 378 | BA10: 1097 | BC10: =BB10+BA10-AX10 -> 370 | BD10: 1455 | BF10: =BE10+BD10-BA10 -> 358 | BJ10: 265 | BK10: 1560 | BL10: =BK10+BJ10-BD10 -> 370 | BM10: 635 | BO10: =BN10+BM10-BJ10 -> 370 | BP10: 1010 | BR10: =BQ10+BP10-BM10 -> 375 | BS10: 1382 | BU10: =BT10+BS10-BP10 -> 372 | BV10: 0 | BW10: 1443 | BX10: =BW10+BV10-BS10 -> 61 | BY10: 0 | CA10: =BZ10+BY10-BV10 -> 0 | CE10: 0 | CG10: =CF10+CE10-BY10 -> 0 | CH10: 285 | CJ10: =CI10+CH10-CE10 -> 285 | CK10: 645 | CM10: =CL10+CK10-CH10 -> 360 | CN10: 1022 | CP10: =CO10+CN10-CK10 -> 377 | CQ10: 1392 | CS10: =CR10+CQ10-CN10 -> 370 | CT10: 184 | CU10: 1560 | CV10: =CU10+CT10-CQ10 -> 352 | CZ10: 556 | DB10: =DA10+CZ10-CT10 -> 372 | DC10: 916 | DE10: =DD10+DC10-CZ10 -> 360 | DF10: 1284 | DH10: =DG10+DF10-DC10 -> 368 | DI10: 88 | DJ10: 1560 | DK10: =DJ10+DI10-DF10 -> 364 | DL10: 454 | DN10: =DM10+DL10-DI10 -> 366 | DO10: 792 | DQ10: =DP10+DO10-DL10 -> 338
A11: 7 | B11: 223 | C11: 1560 | D11: 368 | E11: 011-3 | F11: 011-3 | G11: ACZ07 | H11: ACZ07 | I11: ACZ07 | J11: ACZ07 | K11: ACZ07 | L11: ACZ07 | M11: ACZ07 | N11: ACZ07 | O11: ACZ07 | P11: ACZ07 | Q11: SC-1020 | R11: SC-1020 | S11: SC-1020 | T11: SC-1020 | U11: SC-1020 | V11: SC-1020 | W11: SC-1020 | X11: SC-1020 | Y11: SC-1020 | Z11: SC-1020 | AA11: SC-1020 | AB11: SC-1020 | AC11: SC-1020 | AD11: SC-1020 | AE11: SC-1020 | AF11: 604 | AH11: =AG11+AF11-B11 -> 381 | AI11: 250 | AJ11: 609 | AK11: =AJ11+AI11-AF11 -> 255 | AO11: 595 | AQ11: =AP11+AO11-AI11 -> 345 | AR11: 343 | AS11: 600 | AT11: =AS11+AR11-AO11 -> 348 | AU11: 78 | AV11: 600 | AW11: =AV11+AU11-AR11 -> 335 | AX11: 429 | AZ11: =AY11+AX11-AU11 -> 351 | BA11: 178 | BB11: 600 | BC11: =BB11+BA11-AX11 -> 349 | BD11: 509 | BF11: =BE11+BD11-BA11 -> 331 | BJ11: 250 | BK11: 600 | BL11: =BK11+BJ11-BD11 -> 341 | BM11: 590 | BO11: =BN11+BM11-BJ11 -> 340 | BP11: 0 | BQ11: 629 | BR11: =BQ11+BP11-BM11 -> 39 | BS11: 0 | BU11: =BT11+BS11-BP11 -> 0 | BV11: 0 | BX11: =BW11+BV11-BS11 -> 0 | BY11: 0 | CA11: =BZ11+BY11-BV11 -> 0 | CE11: 0 | CG11: =CF11+CE11-BY11 -> 0 | CH11: 256 | CJ11: =CI11+CH11-CE11 -> 256 | CK11: 609 | CM11: =CL11+CK11-CH11 -> 353 | CN11: 967 | CP11: =CO11+CN11-CK11 -> 358 | CQ11: 1329 | CS11: =CR11+CQ11-CN11 -> 362 | CT11: 111 | CU11: 1560 | CV11: =CU11+CT11-CQ11 -> 342 | CZ11: 461 | DB11: =DA11+CZ11-CT11 -> 350 | DC11: 813 | DE11: =DD11+DC11-CZ11 -> 352 | DF11: 1173 | DH11: =DG11+DF11-DC11 -> 360 | DI11: 1533 | DK11: =DJ11+DI11-DF11 -> 360 | DL11: 352 | DM11: 1545 | DN11: =DM11+DL11-DI11 -> 364 | DO11: 685 | DQ11: =DP11+DO11-DL11 -> 333
A12: 8 | B12: 1007 | D12: 370 | E12: SC-1020 | F12: SC-1020 | G12: SC-1020 | H12: SC-1004 | I12: SC-1004 | J12: SC-1004 | K12: SC-1004 | L12: SC-1004 | M12: SC-1004 | N12: SC-1004 | O12: SC-1004 | P12: SC-1004 | Q12: SC-1004 | R12: SC-1004 | S12: SC-1004 | T12: SC-1004 | U12: SC-1004 | V12: SC-1004 | W12: SC-1004 | X12: SC-1004 | Y12: SC-1004 | Z12: SC-1004 | AA12: SC-1004 | AB12: SC-1004 | AC12: SC-1004 | AD12: SC-1004 | AE12: SC-1004 | AF12: 1384 | AH12: =AG12+AF12-B12 -> 377 | AI12: 0 | AJ12: 1475 | AK12: =AJ12+AI12-AF12 -> 91 | AO12: 163 | AQ12: =AP12+AO12-AI12 -> 163 | AR12: 404 | AT12: =AS12+AR12-AO12 -> 241 | AU12: 638 | AW12: =AV12+AU12-AR12 -> 234 | AX12: 875 | AZ12: =AY12+AX12-AU12 -> 237 | BA12: 1106 | BC12: =BB12+BA12-AX12 -> 231 | BD12: 1330 | BF12: =BE12+BD12-BA12 -> 224 | BJ12: 1563 | BL12: =BK12+BJ12-BD12 -> 233 | BM12: 1794 | BO12: =BN12+BM12-BJ12 -> 231 | BP12: 26 | BQ12: 2000 | BR12: =BQ12+BP12-BM12 -> 232 | BS12: 249 | BU12: =BT12+BS12-BP12 -> 223 | BV12: 480 | BX12: =BW12+BV12-BS12 -> 231 | BY12: 7 | BZ12: 690 | CA12: =BZ12+BY12-BV12 -> 217 | CE12: 239 | CG12: =CF12+CE12-BY12 -> 232 | CH12: 473 | CJ12: =CI12+CH12-CE12 -> 234 | CK12: 706 | CM12: =CL12+CK12-CH12 -> 233 | CN12: 940 | CP12: =CO12+CN12-CK12 -> 234 | CQ12: 1172 | CS12: =CR12+CQ12-CN12 -> 232 | CT12: 1390 | CV12: =CU12+CT12-CQ12 -> 218 | CZ12: 1621 | DB12: =DA12+CZ12-CT12 -> 231 | DC12: 1848 | DE12: =DD12+DC12-CZ12 -> 227 | DF12: 75 | DG12: 2000 | DH12: =DG12+DF12-DC12 -> 227 | DI12: 302 | DK12: =DJ12+DI12-DF12 -> 227 | DL12: 531 | DN12: =DM12+DL12-DI12 -> 229 | DO12: 742 | DQ12: =DP12+DO12-DL12 -> 211
A13: 9 | B13: 313 | D13: 313 | E13: SC-1020 | F13: SC-1020 | G13: ACZ07 | H13: ACZ07 | I13: ACZ07 | J13: ACZ07 | K13: ACZ07 | L13: ACZ07 | M13: ACZ07 | N13: ACZ07 | O13: ACZ07 | P13: ACZ07 | Q13: SC-1020 | R13: SC-1020 | S13: SC-1020 | T13: SC-1020 | U13: SC-1020 | V13: SC-1020 | W13: SC-1020 | X13: SC-1020 | Y13: SC-1020 | Z13: SC-1020 | AA13: SC-1020 | AB13: SC-1020 | AC13: SC-1020 | AD13: SC-1020 | AE13: SC-1020 | AF13: 687 | AH13: =AG13+AF13-B13 -> 374 | AI13: 177 | AJ13: 692 | AK13: =AJ13+AI13-AF13 -> 182 | AO13: 506 | AQ13: =AP13+AO13-AI13 -> 329 | AR13: 243 | AS13: 600 | AT13: =AS13+AR13-AO13 -> 337 | AU13: 594 | AW13: =AV13+AU13-AR13 -> 351 | AX13: 343 | AY13: 600 | AZ13: =AY13+AX13-AU13 -> 349 | BA13: 95 | BB13: 600 | BC13: =BB13+BA13-AX13 -> 352 | BD13: 435 | BF13: =BE13+BD13-BA13 -> 340 | BJ13: 188 | BK13: 600 | BL13: =BK13+BJ13-BD13 -> 353 | BM13: 535 | BO13: =BN13+BM13-BJ13 -> 347 | BP13: 0 | BQ13: 635 | BR13: =BQ13+BP13-BM13 -> 100 | BS13: 0 | BU13: =BT13+BS13-BP13 -> 0 | BV13: 0 | BX13: =BW13+BV13-BS13 -> 0 | BY13: 0 | CA13: =BZ13+BY13-BV13 -> 0 | CE13: 0 | CG13: =CF13+CE13-BY13 -> 0 | CH13: 273 | CJ13: =CI13+CH13-CE13 -> 273 | CK13: 647 | CM13: =CL13+CK13-CH13 -> 374 | CN13: 1025 | CP13: =CO13+CN13-CK13 -> 378 | CQ13: 1400 | CS13: =CR13+CQ13-CN13 -> 375 | CT13: 35 | CU13: =1560+151 -> 1711 | CV13: =CU13+CT13-CQ13 -> 346 | CZ13: 413 | DB13: =DA13+CZ13-CT13 -> 378 | DC13: 787 | DE13: =DD13+DC13-CZ13 -> 374 | DF13: 35 | DG13: =790+275 -> 1065 | DH13: =DG13+DF13-DC13 -> 313 | DI13: 276 | DJ13: 128 | DK13: =DJ13+DI13-DF13 -> 369 | DL13: 60 | DM13: 569 | DN13: =DM13+DL13-DI13 -> 353 | DO13: 403 | DQ13: =DP13+DO13-DL13 -> 343
A14: 10 | B14: 709 | D14: 362 | E14: SC-1020 | F14: SC-1020 | G14: SC-1020 | H14: SC-1020 | I14: SC-1020 | J14: SC-1020 | K14: SC-1020 | L14: SC-1020 | M14: SC-1020 | N14: SC-1020 | O14: SC-1020 | P14: SC-1020 | Q14: SC-1020 | R14: SC-1020 | S14: SC-1020 | T14: SC-1020 | U14: SC-1020 | V14: SC-1020 | W14: SC-1020 | X14: SC-1020 | Y14: SC-1020 | Z14: SC-1020 | AA14: SC-1020 | AB14: SC-1020 | AC14: SC-1020 | AD14: SC-1020 | AE14: SC-1020 | AF14: 1092 | AH14: =AG14+AF14-B14 -> 383 | AI14: 1446 | AK14: =AJ14+AI14-AF14 -> 354 | AO14: 255 | AP14: 1561 | AQ14: =AP14+AO14-AI14 -> 370 | AR14: 627 | AT14: =AS14+AR14-AO14 -> 372 | AU14: 991 | AW14: =AV14+AU14-AR14 -> 364 | AX14: 1186 | AZ14: =AY14+AX14-AU14 -> 195 | BA14: 0 | BB14: 1388 | BC14: =BB14+BA14-AX14 -> 202 | BD14: 0 | BF14: =BE14+BD14-BA14 -> 0 | BJ14: 0 | BL14: =BK14+BJ14-BD14 -> 0 | BM14: 0 | BO14: =BN14+BM14-BJ14 -> 0 | BP14: 0 | BR14: =BQ14+BP14-BM14 -> 0 | BS14: 0 | BU14: =BT14+BS14-BP14 -> 0 | BV14: 0 | BX14: =BW14+BV14-BS14 -> 0 | BY14: 0 | CA14: =BZ14+BY14-BV14 -> 0 | CE14: 0 | CG14: =CF14+CE14-BY14 -> 0 | CH14: 279 | CJ14: =CI14+CH14-CE14 -> 279 | CK14: 256 | CL14: 373 | CM14: =CL14+CK14-CH14 -> 350 | CN14: 621 | CP14: =CO14+CN14-CK14 -> 365 | CQ14: 986 | CS14: =CR14+CQ14-CN14 -> 365 | CT14: 1328 | CV14: =CU14+CT14-CQ14 -> 342 | CZ14: 129 | DA14: 1560 | DB14: =DA14+CZ14-CT14 -> 361 | DC14: 493 | DE14: =DD14+DC14-CZ14 -> 364 | DF14: 862 | DH14: =DG14+DF14-DC14 -> 369 | DI14: 1227 | DK14: =DJ14+DI14-DF14 -> 365 | DL14: 32 | DM14: 1561 | DN14: =DM14+DL14-DI14 -> 366 | DO14: 372 | DQ14: =DP14+DO14-DL14 -> 340
A15: 11 | B15: 644 | D15: 373 | E15: SC-1020 | F15: SC-1020 | G15: SC-1020 | H15: SC-1020 | I15: SC-1020 | J15: SC-1020 | K15: SC-1020 | L15: SC-1020 | M15: SC-1020 | N15: SC-1020 | O15: SC-1020 | P15: SC-1020 | Q15: SC-1020 | R15: SC-1020 | S15: SC-1020 | T15: SC-1020 | U15: SC-1020 | V15: SC-1020 | W15: SC-1020 | X15: SC-1020 | Y15: SC-1020 | Z15: SC-1020 | AA15: SC-1020 | AB15: SC-1020 | AC15: SC-1020 | AD15: SC-1020 | AE15: SC-1020 | AF15: 1019 | AH15: =AG15+AF15-B15 -> 375 | AI15: 1386 | AK15: =AJ15+AI15-AF15 -> 367 | AO15: 202 | AP15: 1561 | AQ15: =AP15+AO15-AI15 -> 377 | AR15: 582 | AT15: =AS15+AR15-AO15 -> 380 | AU15: 961 | AW15: =AV15+AU15-AR15 -> 379 | AX15: 290 | AY15: 975 | AZ15: =AY15+AX15-AU15 -> 304 | BA15: 680 | BC15: =BB15+BA15-AX15 -> 390 | BD15: 1058 | BF15: =BE15+BD15-BA15 -> 378 | BJ15: 1157 | BL15: =BK15+BJ15-BD15 -> 99 | BM15: 1157 | BO15: =BN15+BM15-BJ15 -> 0 | BP15: 0 | BQ15: 1157 | BR15: =BQ15+BP15-BM15 -> 0 | BS15: 0 | BU15: =BT15+BS15-BP15 -> 0 | BV15: 0 | BX15: =BW15+BV15-BS15 -> 0 | BY15: 0 | CA15: =BZ15+BY15-BV15 -> 0 | CE15: 0 | CG15: =CF15+CE15-BY15 -> 0 | CH15: 229 | CJ15: =CI15+CH15-CE15 -> 229 | CK15: 574 | CM15: =CL15+CK15-CH15 -> 345 | CN15: 932 | CP15: =CO15+CN15-CK15 -> 358 | CQ15: 1289 | CS15: =CR15+CQ15-CN15 -> 357 | CT15: 57 | CU15: 1560 | CV15: =CU15+CT15-CQ15 -> 328 | CZ15: 414 | DB15: =DA15+CZ15-CT15 -> 357 | DC15: 768 | DE15: =DD15+DC15-CZ15 -> 354 | DF15: 357 | DG15: 772 | DH15: =DG15+DF15-DC15 -> 361 | DI15: 709 | DK15: =DJ15+DI15-DF15 -> 352 | DL15: 1070 | DN15: =DM15+DL15-DI15 -> 361 | DO15: 1400 | DQ15: =DP15+DO15-DL15 -> 330
A16: 12 | B16: 643 | D16: 373 | E16: SC-1020 | F16: SC-1020 | G16: SC-1020 | H16: SC-1020 | I16: SC-1020 | J16: SC-1020 | K16: SC-1020 | L16: SC-1020 | M16: SC-1020 | N16: SC-1020 | O16: SC-1020 | P16: SC-1020 | Q16: SC-1020 | R16: SC-1020 | S16: SC-1020 | T16: SC-1020 | U16: SC-1020 | V16: SC-1020 | W16: SC-1020 | X16: SC-1020 | Y16: SC-1020 | Z16: SC-1020 | AA16: SC-1020 | AB16: SC-1020 | AC16: SC-1020 | AD16: SC-1020 | AE16: SC-1020 | AF16: 1022 | AH16: =AG16+AF16-B16 -> 379 | AI16: 1361 | AK16: =AJ16+AI16-AF16 -> 339 | AO16: 187 | AP16: 1561 | AQ16: =AP16+AO16-AI16 -> 387 | AR16: 578 | AT16: =AS16+AR16-AO16 -> 391 | AU16: 953 | AW16: =AV16+AU16-AR16 -> 375 | AX16: 273 | AY16: 960 | AZ16: =AY16+AX16-AU16 -> 280 | BA16: 665 | BC16: =BB16+BA16-AX16 -> 392 | BD16: 1032 | BF16: =BE16+BD16-BA16 -> 367 | BJ16: 1130 | BL16: =BK16+BJ16-BD16 -> 98 | BM16: 1130 | BO16: =BN16+BM16-BJ16 -> 0 | BP16: 0 | BQ16: 1130 | BR16: =BQ16+BP16-BM16 -> 0 | BS16: 0 | BU16: =BT16+BS16-BP16 -> 0 | BV16: 0 | BX16: =BW16+BV16-BS16 -> 0 | BY16: 0 | CA16: =BZ16+BY16-BV16 -> 0 | CE16: 0 | CG16: =CF16+CE16-BY16 -> 0 | CH16: 282 | CJ16: =CI16+CH16-CE16 -> 282 | CK16: 643 | CM16: =CL16+CK16-CH16 -> 361 | CN16: 1013 | CP16: =CO16+CN16-CK16 -> 370 | CQ16: 336 | CR16: 1035 | CS16: =CR16+CQ16-CN16 -> 358 | CT16: 217 | CU16: 431 | CV16: =CU16+CT16-CQ16 -> 312 | CZ16: 593 | DB16: =DA16+CZ16-CT16 -> 376 | DC16: 963 | DE16: =DD16+DC16-CZ16 -> 370 | DF16: 1334 | DH16: =DG16+DF16-DC16 -> 371 | DI16: 129 | DJ16: 1560 | DK16: =DJ16+DI16-DF16 -> 355 | DL16: 499 | DN16: =DM16+DL16-DI16 -> 370 | DO16: 838 | DQ16: =DP16+DO16-DL16 -> 339
A17: 13 | B17: 289 | C17: 1412 | D17: 317 | E17: DR1073Z,DR856Z | F17: DR1073Z,DR856Z | G17: DR1073Z,DR856Z | H17: DR1073Z,DR856Z | I17: DR1073Z,DR856Z | J17: DR1073Z,DR856Z | K17: SC-1020 | L17: SC-1020 | M17: SC-1020 | N17: SC-1020 | O17: SC-1020 | P17: SC-1020 | Q17: SC-1020 | R17: SC-1020 | S17: SC-1020 | T17: SC-1020 | U17: SC-1020 | V17: SC-1020 | W17: SC-1020 | X17: SC-1020 | Y17: SC-1020 | Z17: SC-1020 | AA17: SC-1020 | AB17: SC-1020 | AC17: SC-1020 | AD17: SC-1020 | AE17: SC-1020 | AF17: 634 | AH17: =AG17+AF17-B17 -> 345 | AI17: 970 | AK17: =AJ17+AI17-AF17 -> 336 | AO17: 120 | AP17: 1200 | AQ17: =AP17+AO17-AI17 -> 350 | AR17: 470 | AT17: =AS17+AR17-AO17 -> 350 | AU17: 815 | AW17: =AV17+AU17-AR17 -> 345 | AX17: 281 | AY17: 824 | AZ17: =AY17+AX17-AU17 -> 290 | BA17: 666 | BC17: =BB17+BA17-AX17 -> 385 | BD17: 1031 | BF17: =BE17+BD17-BA17 -> 365 | BJ17: 1127 | BL17: =BK17+BJ17-BD17 -> 96 | BM17: 1127 | BO17: =BN17+BM17-BJ17 -> 0 | BP17: 0 | BQ17: 1127 | BR17: =BQ17+BP17-BM17 -> 0 | BS17: 0 | BU17: =BT17+BS17-BP17 -> 0 | BV17: 299 | BX17: =BW17+BV17-BS17 -> 299 | BY17: 661 | CA17: =BZ17+BY17-BV17 -> 362 | CE17: 1039 | CG17: =CF17+CE17-BY17 -> 378 | CH17: 1424 | CJ17: =CI17+CH17-CE17 -> 385 | CK17: 236 | CL17: 1570 | CM17: =CL17+CK17-CH17 -> 382 | CN17: 622 | CP17: =CO17+CN17-CK17 -> 386 | CQ17: 1004 | CS17: =CR17+CQ17-CN17 -> 382 | CT17: 1370 | CV17: =CU17+CT17-CQ17 -> 366 | CZ17: 240 | DA17: 1497 | DB17: =DA17+CZ17-CT17 -> 367 | DC17: 613 | DE17: =DD17+DC17-CZ17 -> 373 | DF17: 983 | DH17: =DG17+DF17-DC17 -> 370 | DI17: 329 | DJ17: 1013 | DK17: =DJ17+DI17-DF17 -> 359 | DL17: 698 | DN17: =DM17+DL17-DI17 -> 369 | DO17: 1039 | DQ17: =DP17+DO17-DL17 -> 341
A18: 14 | B18: 0 | C18: 1238 | D18: 161 | E18: 011-3 | F18: 011-3 | G18: 011-3 | H18: 011-3 | I18: 011-3 | J18: 011-3 | K18: 011-3 | L18: 011-3 | M18: 011-3 | N18: 011-3 | O18: 011-3 | P18: 011-3 | Q18: 011-3 | R18: 011-3 | S18: 011-3 | T18: 011-3 | U18: 011-3 | V18: 011-3 | W18: 011-3 | X18: 011-3 | Y18: 011-3 | Z18: 011-3 | AA18: SC-1020 | AB18: SC-1020 | AC18: SC-1020 | AD18: SC-1020 | AE18: SC-1020 | AF18: 356 | AH18: =AG18+AF18-B18 -> 356 | AI18: 720 | AK18: =AJ18+AI18-AF18 -> 364 | AO18: 1101 | AQ18: =AP18+AO18-AI18 -> 381 | AR18: 1482 | AT18: =AS18+AR18-AO18 -> 381 | AU18: 296 | AV18: 1560 | AW18: =AV18+AU18-AR18 -> 374 | AX18: 687 | AZ18: =AY18+AX18-AU18 -> 391 | BA18: 1078 | BC18: =BB18+BA18-AX18 -> 391 | BD18: 1453 | BF18: =BE18+BD18-BA18 -> 375 | BJ18: 281 | BK18: 1560 | BL18: =BK18+BJ18-BD18 -> 388 | BM18: 649 | BO18: =BN18+BM18-BJ18 -> 368 | BP18: 1028 | BR18: =BQ18+BP18-BM18 -> 379 | BS18: 1402 | BU18: =BT18+BS18-BP18 -> 374 | BV18: 233 | BW18: 1520 | BX18: =BW18+BV18-BS18 -> 351 | BY18: 588 | CA18: =BZ18+BY18-BV18 -> 355 | CE18: 967 | CG18: =CF18+CE18-BY18 -> 379 | CH18: 1339 | CJ18: =CI18+CH18-CE18 -> 372 | CK18: 145 | CL18: 1560 | CM18: =CL18+CK18-CH18 -> 366 | CN18: 522 | CP18: =CO18+CN18-CK18 -> 377 | CQ18: 890 | CS18: =CR18+CQ18-CN18 -> 368 | CT18: 1249 | CV18: =CU18+CT18-CQ18 -> 359 | CZ18: 1623 | DB18: =DA18+CZ18-CT18 -> 374 | DC18: 317 | DD18: 1629 | DE18: =DD18+DC18-CZ18 -> 323 | DF18: 694 | DH18: =DG18+DF18-DC18 -> 377 | DI18: 1069 | DK18: =DJ18+DI18-DF18 -> 375 | DL18: 1443 | DN18: =DM18+DL18-DI18 -> 374 | DO18: 221 | DP18: 1560 | DQ18: =DP18+DO18-DL18 -> 338
A19: 15 | B19: 9 | C19: 1560 | D19: 402 | E19: 011-3 61" | F19: 011-3 61" | G19: 011-3 | H19: 011-3 | I19: 011-3 | J19: 011-3 | K19: SC-1020 | L19: SC-1020 | M19: SC-1020 | N19: SC-1020 | O19: SC-1020 | P19: SC-1020 | Q19: SC-1020 | R19: SC-1020 | S19: SC-1020 | T19: SC-1020 | U19: SC-1020 | V19: SC-1020 | W19: SC-1020 | X19: SC-1020 | Y19: SC-1020 | Z19: SC-1020 | AA19: SC-1020 | AB19: SC-1020 | AC19: SC-1020 | AD19: SC-1020 | AE19: SC-1020 | AF19: 425 | AH19: =AG19+AF19-B19 -> 416 | AI19: 254 | AJ19: 480 | AK19: =AJ19+AI19-AF19 -> 309 | AO19: 631 | AQ19: =AP19+AO19-AI19 -> 377 | AR19: 1008 | AT19: =AS19+AR19-AO19 -> 377 | AU19: 1381 | AW19: =AV19+AU19-AR19 -> 373 | AX19: 275 | AY19: 1392 | AZ19: =AY19+AX19-AU19 -> 286 | BA19: 663 | BC19: =BB19+BA19-AX19 -> 388 | BD19: 1022 | BF19: =BE19+BD19-BA19 -> 359 | BJ19: 1120 | BL19: =BK19+BJ19-BD19 -> 98 | BM19: 1120 | BO19: =BN19+BM19-BJ19 -> 0 | BP19: 0 | BQ19: 1120 | BR19: =BQ19+BP19-BM19 -> 0 | BS19: 0 | BU19: =BT19+BS19-BP19 -> 0 | BV19: 303 | BX19: =BW19+BV19-BS19 -> 303 | BY19: 8 | BZ19: 655 | CA19: =BZ19+BY19-BV19 -> 360 | CE19: 394 | CG19: =CF19+CE19-BY19 -> 386 | CH19: 780 | CJ19: =CI19+CH19-CE19 -> 386 | CK19: 1157 | CM19: =CL19+CK19-CH19 -> 377 | CN19: 1540 | CP19: =CO19+CN19-CK19 -> 383 | CQ19: 350 | CR19: 1560 | CS19: =CR19+CQ19-CN19 -> 370 | CT19: 702 | CV19: =CU19+CT19-CQ19 -> 352 | CZ19: 1073 | DB19: =DA19+CZ19-CT19 -> 371 | DC19: 1436 | DE19: =DD19+DC19-CZ19 -> 363 | DF19: 230 | DG19: 1560 | DH19: =DG19+DF19-DC19 -> 354 | DI19: 582 | DK19: =DJ19+DI19-DF19 -> 352 | DL19: 934 | DN19: =DM19+DL19-DI19 -> 352 | DO19: 1266 | DQ19: =DP19+DO19-DL19 -> 332
A20: 16 | B20: 287 | C20: 1560 | D20: 369 | E20: 011-3 | F20: 011-3 | G20: 011-3 | H20: 011-3 | I20: 011-3 | J20: 011-3 | K20: 011-3 | L20: 011-3 | M20: 011-3 | N20: 011-3 | O20: 011-3 | P20: 011-3 | Q20: 011-3 | R20: 011-3 | S20: 011-3 | T20: 011-3 | U20: 011-3 | V20: 011-3 | W20: 011-4 | X20: 011-4 | Y20: 011-4 | Z20: 011-4 | AA20: 011-4 | AB20: 011-4 | AC20: 011-4 | AD20: 011-4 | AE20: 011-4 | AF20: 669 | AH20: =AG20+AF20-B20 -> 382 | AI20: 1024 | AK20: =AJ20+AI20-AF20 -> 355 | AO20: 1408 | AQ20: =AP20+AO20-AI20 -> 384 | AR20: 230 | AS20: 1560 | AT20: =AS20+AR20-AO20 -> 382 | AU20: 609 | AW20: =AV20+AU20-AR20 -> 379 | AX20: 990 | AZ20: =AY20+AX20-AU20 -> 381 | BA20: 1371 | BC20: =BB20+BA20-AX20 -> 381 | BD20: 177 | BE20: 1560 | BF20: =BE20+BD20-BA20 -> 366 | BJ20: 536 | BL20: =BK20+BJ20-BD20 -> 359 | BM20: 916 | BO20: =BN20+BM20-BJ20 -> 380 | BP20: 1300 | BR20: =BQ20+BP20-BM20 -> 384 | BS20: 123 | BT20: 1560 | BU20: =BT20+BS20-BP20 -> 383 | BV20: 505 | BX20: =BW20+BV20-BS20 -> 382 | BY20: 863 | CA20: =BZ20+BY20-BV20 -> 358 | CE20: 1229 | CG20: =CF20+CE20-BY20 -> 366 | CH20: 39 | CI20: 1560 | CJ20: =CI20+CH20-CE20 -> 370 | CK20: 0 | CL20: 359 | CM20: =CL20+CK20-CH20 -> 320 | CN20: 340 | CP20: =CO20+CN20-CK20 -> 340 | CQ20: 712 | CS20: =CR20+CQ20-CN20 -> 372 | CT20: 1065 | CV20: =CU20+CT20-CQ20 -> 353 | CZ20: 1425 | DB20: =DA20+CZ20-CT20 -> 360 | DC20: 237 | DD20: 1560 | DE20: =DD20+DC20-CZ20 -> 372 | DF20: 613 | DH20: =DG20+DF20-DC20 -> 376 | DI20: 992 | DK20: =DJ20+DI20-DF20 -> 379 | DL20: 1371 | DN20: =DM20+DL20-DI20 -> 379 | DO20: 158 | DP20: 1560 | DQ20: =DP20+DO20-DL20 -> 347
A21: 17 | B21: 575 | D21: 330 | E21: DR1073Z,DR856Z | F21: DR1073Z,DR856Z | G21: DR1073Z,DR856Z | H21: DR1073Z,DR856Z | I21: DR1073Z,DR856Z | J21: DR1073Z,DR856Z | K21: DR1073Z,DR856Z | L21: DR1073Z,DR856Z | M21: DR1073Z,DR856Z | N21: 011-3 | O21: 011-3 | P21: 011-3 | Q21: 011-3 | R21: 011-3 | S21: 011-3 | T21: 011-3 | U21: 011-3 | V21: 011-3 | W21: 011-3 | X21: 011-3 | Y21: 011-3 | Z21: 011-3 | AA21: 011-3 | AB21: 011-3 | AC21: 011-3 | AD21: 011-3 | AE21: 011-3 | AF21: 917 | AH21: =AG21+AF21-B21 -> 342 | AI21: 208 | AJ21: 1024 | AK21: =AJ21+AI21-AF21 -> 315 | AO21: 549 | AQ21: =AP21+AO21-AI21 -> 341 | AR21: 901 | AT21: =AS21+AR21-AO21 -> 352 | AU21: 43 | AV21: 1200 | AW21: =AV21+AU21-AR21 -> 342 | AX21: 388 | AZ21: =AY21+AX21-AU21 -> 345 | BA21: 734 | BC21: =BB21+BA21-AX21 -> 346 | BD21: 0 | BE21: 980 | BF21: =BE21+BD21-BA21 -> 246 | BJ21: 273 | BL21: =BK21+BJ21-BD21 -> 273 | BM21: 623 | BO21: =BN21+BM21-BJ21 -> 350 | BP21: 987 | BR21: =BQ21+BP21-BM21 -> 364 | BS21: 1349 | BU21: =BT21+BS21-BP21 -> 362 | BV21: 156 | BW21: 1560 | BX21: =BW21+BV21-BS21 -> 367 | BY21: 508 | CA21: =BZ21+BY21-BV21 -> 352 | CE21: 876 | CG21: =CF21+CE21-BY21 -> 368 | CH21: 1241 | CJ21: =CI21+CH21-CE21 -> 365 | CK21: 32 | CL21: 1560 | CM21: =CL21+CK21-CH21 -> 351 | CN21: 404 | CP21: =CO21+CN21-CK21 -> 372 | CQ21: 781 | CS21: =CR21+CQ21-CN21 -> 377 | CT21: 1123 | CV21: =CU21+CT21-CQ21 -> 342 | CZ21: 1497 | DB21: =DA21+CZ21-CT21 -> 374 | DC21: 292 | DD21: 1570 | DE21: =DD21+DC21-CZ21 -> 365 | DF21: 666 | DH21: =DG21+DF21-DC21 -> 374 | DI21: 1034 | DK21: =DJ21+DI21-DF21 -> 368 | DL21: 1402 | DN21: =DM21+DL21-DI21 -> 368 | DO21: 245 | DP21: 1495 | DQ21: =DP21+DO21-DL21 -> 338
A22: 18 | B22: 810 | D22: 330 | E22: DR1073Z,DR856Z | F22: DR1073Z,DR856Z | G22: DR1073Z,DR856Z | H22: DR1073Z,DR856Z | I22: DR1073Z,DR856Z | J22: DR1073Z,DR856Z | K22: DR1073Z,DR856Z | L22: DR1073Z,DR856Z | M22: DR1073Z,DR856Z | N22: SC-1020 | O22: SC-1020 | P22: SC-1020 | Q22: SC-1020 | R22: SC-1020 | S22: SC-1020 | T22: SC-1020 | U22: SC-1020 | V22: SC-1020 | W22: SC-1020 | X22: SC-1020 | Y22: SC-1020 | Z22: SC-1020 | AA22: SC-1020 | AB22: SC-1020 | AC22: SC-1020 | AD22: 011-4 | AE22: 011-4 | AF22: 1158 | AH22: =AG22+AF22-B22 -> 348 | AI22: 291 | AJ22: 1200 | AK22: =AJ22+AI22-AF22 -> 333 | AO22: 642 | AQ22: =AP22+AO22-AI22 -> 351 | AR22: 990 | AT22: =AS22+AR22-AO22 -> 348 | AU22: 136 | AV22: 1200 | AW22: =AV22+AU22-AR22 -> 346 | AX22: 485 | AZ22: =AY22+AX22-AU22 -> 349 | BA22: 835 | BC22: =BB22+BA22-AX22 -> 350 | BD22: 0 | BE22: 1200 | BF22: =BE22+BD22-BA22 -> 365 | BJ22: 0 | BL22: =BK22+BJ22-BD22 -> 0 | BM22: 0 | BO22: =BN22+BM22-BJ22 -> 0 | BP22: 0 | BR22: =BQ22+BP22-BM22 -> 0 | BS22: 0 | BU22: =BT22+BS22-BP22 -> 0 | BV22: 173 | BW22: 170 | BX22: =BW22+BV22-BS22 -> 343 | BY22: 524 | CA22: =BZ22+BY22-BV22 -> 351 | CE22: 893 | CG22: =CF22+CE22-BY22 -> 369 | CH22: 1270 | CJ22: =CI22+CH22-CE22 -> 377 | CK22: 1482 | CM22: =CL22+CK22-CH22 -> 212 | CN22: 296 | CO22: 1560 | CP22: =CO22+CN22-CK22 -> 374 | CQ22: 671 | CS22: =CR22+CQ22-CN22 -> 375 | CT22: 1025 | CV22: =CU22+CT22-CQ22 -> 354 | CZ22: 1403 | DB22: =DA22+CZ22-CT22 -> 378 | DC22: 216 | DD22: 1560 | DE22: =DD22+DC22-CZ22 -> 373 | DF22: 591 | DH22: =DG22+DF22-DC22 -> 375 | DI22: 0 | DJ22: 792 | DK22: =DJ22+DI22-DF22 -> 201 | DL22: 349 | DN22: =DM22+DL22-DI22 -> 349 | DO22: 695 | DQ22: =DP22+DO22-DL22 -> 346
A23: 19 | B23: 982 | D23: 374 | E23: 011-3 | F23: 011-3 | G23: 011-3 | H23: 011-3 | I23: 011-3 | J23: 011-3 | K23: 011-3 | L23: 011-3 | M23: 011-3 | N23: 011-3 | O23: 011-3 | P23: 011-3 | Q23: 011-3 | R23: 011-3 | S23: 011-3 | T23: 011-3 | U23: SC-1020 | V23: SC-1020 | W23: SC-1020 | X23: SC-1020 | Y23: SC-1020 | Z23: SC-1020 | AA23: SC-1020 | AB23: SC-1020 | AC23: SC-1020 | AD23: SC-1020 | AE23: SC-1020 | AF23: 1352 | AH23: =AG23+AF23-B23 -> 370 | AI23: 175 | AJ23: 1535 | AK23: =AJ23+AI23-AF23 -> 358 | AO23: 555 | AQ23: =AP23+AO23-AI23 -> 380 | AR23: 933 | AT23: =AS23+AR23-AO23 -> 378 | AU23: 1309 | AW23: =AV23+AU23-AR23 -> 376 | AX23: 119 | AY23: 1560 | AZ23: =AY23+AX23-AU23 -> 370 | BA23: 477 | BC23: =BB23+BA23-AX23 -> 358 | BD23: 830 | BF23: =BE23+BD23-BA23 -> 353 | BJ23: 1195 | BL23: =BK23+BJ23-BD23 -> 365 | BM23: 1558 | BO23: =BN23+BM23-BJ23 -> 363 | BP23: 364 | BQ23: 1560 | BR23: =BQ23+BP23-BM23 -> 366 | BS23: 730 | BU23: =BT23+BS23-BP23 -> 366 | BV23: 1097 | BX23: =BW23+BV23-BS23 -> 367 | BY23: 119 | BZ23: 1275 | CA23: =BZ23+BY23-BV23 -> 297 | CE23: 0 | CF23: 391 | CG23: =CF23+CE23-BY23 -> 272 | CH23: 272 | CJ23: =CI23+CH23-CE23 -> 272 | CK23: 631 | CM23: =CL23+CK23-CH23 -> 359 | CN23: 998 | CP23: =CO23+CN23-CK23 -> 367 | CQ23: 1364 | CS23: =CR23+CQ23-CN23 -> 366 | CT23: 152 | CU23: 1560 | CV23: =CU23+CT23-CQ23 -> 348 | CZ23: 522 | DB23: =DA23+CZ23-CT23 -> 370 | DC23: 888 | DE23: =DD23+DC23-CZ23 -> 366 | DF23: 1253 | DH23: =DG23+DF23-DC23 -> 365 | DI23: 44 | DJ23: 1570 | DK23: =DJ23+DI23-DF23 -> 361 | DL23: 412 | DN23: =DM23+DL23-DI23 -> 368 | DO23: 751 | DQ23: =DP23+DO23-DL23 -> 339
A24: 20 | B24: 694 | D24: 333 | E24: ABZ85,DR794Z,DR856Z | F24: ABZ85,DR794Z,DR856Z | G24: ABZ85,DR794Z,DR856Z | H24: DR1073Z,DR856Z | I24: DR1073Z,DR856Z | J24: DR1073Z,DR856Z | K24: SC-1020 | L24: SC-1020 | M24: SC-1020 | N24: SC-1020 | O24: SC-1020 | P24: SC-1020 | Q24: SC-1020 | R24: SC-1020 | S24: SC-1020 | T24: SC-1020 | U24: SC-1020 | V24: SC-1020 | W24: SC-1020 | X24: SC-1020 | Y24: SC-1020 | Z24: SC-1020 | AA24: SC-1020 | AB24: SC-1020 | AC24: SC-1020 | AD24: SC-1020 | AE24: SC-1020 | AF24: 1037 | AH24: =AG24+AF24-B24 -> 343 | AI24: 0 | AJ24: 1285 | AK24: =AJ24+AI24-AF24 -> 248 | AO24: 335 | AQ24: =AP24+AO24-AI24 -> 335 | AR24: 685 | AT24: =AS24+AR24-AO24 -> 350 | AU24: 1032 | AW24: =AV24+AU24-AR24 -> 347 | AX24: 277 | AY24: 1049 | AZ24: =AY24+AX24-AU24 -> 294 | BA24: 656 | BC24: =BB24+BA24-AX24 -> 379 | BD24: 1023 | BF24: =BE24+BD24-BA24 -> 367 | BJ24: 1 | BK24: 1400 | BL24: =BK24+BJ24-BD24 -> 378 | BM24: 362 | BO24: =BN24+BM24-BJ24 -> 361 | BP24: 731 | BR24: =BQ24+BP24-BM24 -> 369 | BS24: 1098 | BU24: =BT24+BS24-BP24 -> 367 | BV24: 1466 | BX24: =BW24+BV24-BS24 -> 368 | BY24: 241 | BZ24: 1560 | CA24: =BZ24+BY24-BV24 -> 335 | CE24: 84 | CF24: 512 | CG24: =CF24+CE24-BY24 -> 355 | CH24: 458 | CJ24: =CI24+CH24-CE24 -> 374 | CK24: 824 | CM24: =CL24+CK24-CH24 -> 366 | CN24: 1190 | CP24: =CO24+CN24-CK24 -> 366 | CQ24: 1551 | CS24: =CR24+CQ24-CN24 -> 361 | CT24: 331 | CU24: 1560 | CV24: =CU24+CT24-CQ24 -> 340 | CZ24: 681 | DB24: =DA24+CZ24-CT24 -> 350 | DC24: 1043 | DE24: =DD24+DC24-CZ24 -> 362 | DF24: 1397 | DH24: =DG24+DF24-DC24 -> 354 | DI24: 194 | DJ24: 1560 | DK24: =DJ24+DI24-DF24 -> 357 | DL24: 552 | DN24: =DM24+DL24-DI24 -> 358 | DO24: 876 | DQ24: =DP24+DO24-DL24 -> 324
A25: 21 | B25: 612 | D25: 361 | E25: SC-1020 | F25: SC-1020 | G25: SC-1020 | H25: SC-1020 | I25: SC-1020 | J25: SC-1020 | K25: SC-1020 | L25: SC-1020 | M25: SC-1020 | N25: SC-1020 | O25: SC-1020 | P25: SC-1020 | Q25: SC-1020 | R25: SC-1020 | S25: SC-1020 | T25: SC-1020 | U25: SC-1020 | V25: SC-1020 | W25: SC-1020 | X25: SC-1020 | Y25: SC-1020 | Z25: SC-1020 | AA25: SC-1020 | AB25: SC-1020 | AC25: SC-1020 | AD25: SC-1020 | AE25: SC-1020 | AF25: 987 | AH25: =AG25+AF25-B25 -> 375 | AI25: 1340 | AK25: =AJ25+AI25-AF25 -> 353 | AO25: 231 | AP25: 1459 | AQ25: =AP25+AO25-AI25 -> 350 | AR25: 602 | AT25: =AS25+AR25-AO25 -> 371 | AU25: 950 | AW25: =AV25+AU25-AR25 -> 348 | AX25: 1317 | AZ25: =AY25+AX25-AU25 -> 367 | BA25: 115 | BB25: 1560 | BC25: =BB25+BA25-AX25 -> 358 | BD25: 460 | BF25: =BE25+BD25-BA25 -> 345 | BJ25: 328 | BK25: 496 | BL25: =BK25+BJ25-BD25 -> 364 | BM25: 691 | BO25: =BN25+BM25-BJ25 -> 363 | BP25: 1060 | BR25: =BQ25+BP25-BM25 -> 369 | BS25: 1423 | BU25: =BT25+BS25-BP25 -> 363 | BV25: 231 | BW25: 1560 | BX25: =BW25+BV25-BS25 -> 368 | BY25: 579 | CA25: =BZ25+BY25-BV25 -> 348 | CE25: 327 | CF25: 615 | CG25: =CF25+CE25-BY25 -> 363 | CH25: 0 | CI25: 606 | CJ25: =CI25+CH25-CE25 -> 279 | CK25: 332 | CM25: =CL25+CK25-CH25 -> 332 | CN25: 696 | CP25: =CO25+CN25-CK25 -> 364 | CQ25: 1057 | CS25: =CR25+CQ25-CN25 -> 361 | CT25: 1391 | CV25: =CU25+CT25-CQ25 -> 334 | CZ25: 201 | DA25: 1560 | DB25: =DA25+CZ25-CT25 -> 370 | DC25: 567 | DE25: =DD25+DC25-CZ25 -> 366 | DF25: 934 | DH25: =DG25+DF25-DC25 -> 367 | DI25: 1291 | DK25: =DJ25+DI25-DF25 -> 357 | DL25: 100 | DM25: 1560 | DN25: =DM25+DL25-DI25 -> 369 | DO25: 439 | DQ25: =DP25+DO25-DL25 -> 339
A26: 22 | B26: 57 | C26: 1561 | D26: 368 | E26: 011-3 | F26: 011-3 | G26: 011-3 | H26: 011-3 | I26: 011-3 | J26: 011-3 | K26: 011-3 | L26: 011-3 | M26: 011-3 | N26: 011-3 | O26: 011-3 | P26: 011-3 | Q26: 011-3 | R26: 011-3 | S26: SC-1020 | T26: SC-1020 | U26: SC-1020 | V26: SC-1020 | W26: SC-1020 | X26: SC-1020 | Y26: SC-1020 | Z26: SC-1020 | AA26: SC-1020 | AB26: SC-1020 | AC26: SC-1020 | AD26: SC-1020 | AE26: SC-1020 | AF26: 438 | AH26: =AG26+AF26-B26 -> 381 | AI26: 801 | AK26: =AJ26+AI26-AF26 -> 363 | AO26: 1181 | AQ26: =AP26+AO26-AI26 -> 380 | AR26: 1 | AS26: 1560 | AT26: =AS26+AR26-AO26 -> 380 | AU26: 365 | AW26: =AV26+AU26-AR26 -> 364 | AX26: 738 | AZ26: =AY26+AX26-AU26 -> 373 | BA26: 1111 | BC26: =BB26+BA26-AX26 -> 373 | BD26: 1476 | BF26: =BE26+BD26-BA26 -> 365 | BJ26: 290 | BK26: 1560 | BL26: =BK26+BJ26-BD26 -> 374 | BM26: 627 | BO26: =BN26+BM26-BJ26 -> 337 | BP26: 1021 | BR26: =BQ26+BP26-BM26 -> 394 | BS26: 0 | BT26: 1384 | BU26: =BT26+BS26-BP26 -> 363 | BV26: 0 | BX26: =BW26+BV26-BS26 -> 0 | BY26: 0 | CA26: =BZ26+BY26-BV26 -> 0 | CE26: 0 | CG26: =CF26+CE26-BY26 -> 0 | CH26: 276 | CJ26: =CI26+CH26-CE26 -> 276 | CK26: 628 | CM26: =CL26+CK26-CH26 -> 352 | CN26: 984 | CP26: =CO26+CN26-CK26 -> 356 | CQ26: 1343 | CS26: =CR26+CQ26-CN26 -> 359 | CT26: 137 | CU26: 1560 | CV26: =CU26+CT26-CQ26 -> 354 | CZ26: 511 | DB26: =DA26+CZ26-CT26 -> 374 | DC26: 882 | DE26: =DD26+DC26-CZ26 -> 371 | DF26: 1254 | DH26: =DG26+DF26-DC26 -> 372 | DI26: 64 | DJ26: 1557 | DK26: =DJ26+DI26-DF26 -> 367 | DL26: 435 | DN26: =DM26+DL26-DI26 -> 371 | DO26: 773 | DQ26: =DP26+DO26-DL26 -> 338
A27: 23 | B27: 0 | C27: 595 | D27: 263 | E27: SC-1020 | F27: SC-1020 | G27: SC-1020 | H27: SC-1020 | I27: SC-1020 | J27: SC-1020 | K27: SC-1020 | L27: SC-1020 | M27: SC-1020 | N27: SC-1020 | O27: SC-1020 | P27: SC-1020 | Q27: SC-1020 | R27: SC-1020 | S27: SC-1020 | T27: SC-1020 | U27: SC-1020 | V27: SC-1020 | W27: SC-1020 | X27: SC-1020 | Y27: SC-1020 | Z27: SC-1020 | AA27: SC-1020 | AB27: SC-1020 | AC27: SC-1020 | AD27: SC-1020 | AE27: SC-1020 | AF27: 346 | AH27: =AG27+AF27-B27 -> 346 | AI27: 709 | AK27: =AJ27+AI27-AF27 -> 363 | AO27: 1089 | AQ27: =AP27+AO27-AI27 -> 380 | AR27: 1470 | AT27: =AS27+AR27-AO27 -> 381 | AU27: 284 | AV27: 1560 | AW27: =AV27+AU27-AR27 -> 374 | AX27: 665 | AZ27: =AY27+AX27-AU27 -> 381 | BA27: 1044 | BC27: =BB27+BA27-AX27 -> 379 | BD27: 1412 | BF27: =BE27+BD27-BA27 -> 368 | BJ27: 227 | BK27: 1560 | BL27: =BK27+BJ27-BD27 -> 375 | BM27: 598 | BO27: =BN27+BM27-BJ27 -> 371 | BP27: 976 | BR27: =BQ27+BP27-BM27 -> 378 | BS27: 1343 | BU27: =BT27+BS27-BP27 -> 367 | BV27: 155 | BW27: 1560 | BX27: =BW27+BV27-BS27 -> 372 | BY27: 515 | CA27: =BZ27+BY27-BV27 -> 360 | CE27: 886 | CG27: =CF27+CE27-BY27 -> 371 | CH27: 1262 | CJ27: =CI27+CH27-CE27 -> 376 | CK27: 1471 | CM27: =CL27+CK27-CH27 -> 209 | CN27: 285 | CO27: 1560 | CP27: =CO27+CN27-CK27 -> 374 | CQ27: 658 | CS27: =CR27+CQ27-CN27 -> 373 | CT27: 1009 | CV27: =CU27+CT27-CQ27 -> 351 | CZ27: 1385 | DB27: =DA27+CZ27-CT27 -> 376 | DC27: 0 | DD27: 1628 | DE27: =DD27+DC27-CZ27 -> 243 | DF27: 318 | DH27: =DG27+DF27-DC27 -> 318 | DI27: 691 | DK27: =DJ27+DI27-DF27 -> 373 | DL27: 1067 | DN27: =DM27+DL27-DI27 -> 376 | DO27: 1417 | DQ27: =DP27+DO27-DL27 -> 350
A28: 24 | B28: 0 | C28: 975 | D28: 210 | E28: SC-1020 | F28: SC-1020 | G28: SC-1020 | H28: SC-1020 | I28: SC-1020 | J28: SC-1020 | K28: SC-1020 | L28: SC-1020 | M28: SC-1020 | N28: SC-1020 | O28: SC-1020 | P28: SC-1020 | Q28: SC-1020 | R28: SC-1020 | S28: SC-1020 | T28: SC-1020 | U28: SC-1020 | V28: SC-1020 | W28: SC-1020 | X28: SC-1020 | Y28: SC-1020 | Z28: SC-1020 | AA28: SC-1020 | AB28: SC-1020 | AC28: SC-1020 | AD28: SC-1020 | AE28: SC-1020 | AF28: 349 | AH28: =AG28+AF28-B28 -> 349 | AI28: 709 | AK28: =AJ28+AI28-AF28 -> 360 | AO28: 1088 | AQ28: =AP28+AO28-AI28 -> 379 | AR28: 1463 | AT28: =AS28+AR28-AO28 -> 375 | AU28: 276 | AV28: 1560 | AW28: =AV28+AU28-AR28 -> 373 | AX28: 657 | AZ28: =AY28+AX28-AU28 -> 381 | BA28: 1035 | BC28: =BB28+BA28-AX28 -> 378 | BD28: 1394 | BF28: =BE28+BD28-BA28 -> 359 | BJ28: 214 | BK28: 1560 | BL28: =BK28+BJ28-BD28 -> 380 | BM28: 588 | BO28: =BN28+BM28-BJ28 -> 374 | BP28: 959 | BR28: =BQ28+BP28-BM28 -> 371 | BS28: 1329 | BU28: =BT28+BS28-BP28 -> 370 | BV28: 133 | BW28: 1560 | BX28: =BW28+BV28-BS28 -> 364 | BY28: 475 | CA28: =BZ28+BY28-BV28 -> 342 | CE28: 850 | CG28: =CF28+CE28-BY28 -> 375 | CH28: 1227 | CJ28: =CI28+CH28-CE28 -> 377 | CK28: 1435 | CM28: =CL28+CK28-CH28 -> 208 | CN28: 251 | CO28: 1560 | CP28: =CO28+CN28-CK28 -> 376 | CQ28: 618 | CS28: =CR28+CQ28-CN28 -> 367 | CT28: 958 | CV28: =CU28+CT28-CQ28 -> 340 | CZ28: 1329 | DB28: =DA28+CZ28-CT28 -> 371 | DC28: 0 | DD28: 1623 | DE28: =DD28+DC28-CZ28 -> 294 | DF28: 311 | DH28: =DG28+DF28-DC28 -> 311 | DI28: 680 | DK28: =DJ28+DI28-DF28 -> 369 | DL28: 1048 | DN28: =DM28+DL28-DI28 -> 368 | DO28: 1384 | DQ28: =DP28+DO28-DL28 -> 336
A29: 25 | B29: 728 | D29: 268 | E29: RD159Z | F29: RD159Z | G29: RD159Z | H29: RD159Z | I29: RD159Z | J29: RD159Z | K29: RD159Z | L29: RD159Z | M29: RD159Z | N29: RD159Z | O29: RD159Z | P29: RD159Z | Q29: SC-1020 | R29: SC-1020 | S29: SC-1020 | T29: SC-1020 | U29: SC-1020 | V29: SC-1020 | W29: SC-1020 | X29: SC-1020 | Y29: SC-1020 | Z29: SC-1020 | AA29: SC-1020 | AB29: SC-1020 | AC29: SC-1020 | AD29: SC-1020 | AE29: SC-1020 | AF29: 1000 | AH29: =AG29+AF29-B29 -> 272 | AI29: 1236 | AK29: =AJ29+AI29-AF29 -> 236 | AO29: 96 | AP29: 1425 | AQ29: =AP29+AO29-AI29 -> 285 | AR29: 383 | AT29: =AS29+AR29-AO29 -> 287 | AU29: 665 | AW29: =AV29+AU29-AR29 -> 282 | AX29: 950 | AZ29: =AY29+AX29-AU29 -> 285 | BA29: 1231 | BC29: =BB29+BA29-AX29 -> 281 | BD29: 6 | BE29: 1500 | BF29: =BE29+BD29-BA29 -> 275 | BJ29: 291 | BL29: =BK29+BJ29-BD29 -> 285 | BM29: 0 | BN29: 459 | BO29: =BN29+BM29-BJ29 -> 168 | BP29: 0 | BR29: =BQ29+BP29-BM29 -> 0 | BS29: 313 | BU29: =BT29+BS29-BP29 -> 313 | BV29: 669 | BX29: =BW29+BV29-BS29 -> 356 | BY29: 1005 | CA29: =BZ29+BY29-BV29 -> 336 | CE29: 280 | CF29: 1073 | CG29: =CF29+CE29-BY29 -> 348 | CH29: 554 | CJ29: =CI29+CH29-CE29 -> 274 | CK29: 0 | CL29: 751 | CM29: =CL29+CK29-CH29 -> 197 | CN29: 30 | CP29: =CO29+CN29-CK29 -> 30 | CQ29: 392 | CS29: =CR29+CQ29-CN29 -> 362 | CT29: 741 | CV29: =CU29+CT29-CQ29 -> 349 | CZ29: 1107 | DB29: =DA29+CZ29-CT29 -> 366 | DC29: 222 | DD29: 1224 | DE29: =DD29+DC29-CZ29 -> 339 | DF29: 556 | DH29: =DG29+DF29-DC29 -> 334 | DI29: 273 | DJ29: 628 | DK29: =DJ29+DI29-DF29 -> 345 | DL29: 632 | DN29: =DM29+DL29-DI29 -> 359 | DO29: 963 | DQ29: =DP29+DO29-DL29 -> 331
A30: 26 | B30: 587 | D30: 362 | E30: SC-1020 | F30: SC-1020 | G30: SC-1020 | H30: SC-1020 | I30: SC-1020 | J30: SC-1020 | K30: SC-1020 | L30: SC-1020 | M30: SC-1020 | N30: SC-1020 | O30: SC-1020 | P30: SC-1020 | Q30: SC-1020 | R30: SC-1020 | S30: SC-1020 | T30: SC-1020 | U30: SC-1020 | V30: 011-4 | W30: 011-4 | X30: 011-4 | Y30: 011-4 | Z30: 011-4 | AA30: 011-4 | AB30: 011-4 | AC30: 011-4 | AD30: 011-4 | AE30: 011-4 | AF30: 185 | AG30: 751 | AH30: =AG30+AF30-B30 -> 349 | AI30: 527 | AK30: =AJ30+AI30-AF30 -> 342 | AO30: 348 | AP30: 539 | AQ30: =AP30+AO30-AI30 -> 360 | AR30: 697 | AT30: =AS30+AR30-AO30 -> 349 | AU30: 1055 | AW30: =AV30+AU30-AR30 -> 358 | AX30: 1431 | AZ30: =AY30+AX30-AU30 -> 376 | BA30: 249 | BB30: 1560 | BC30: =BB30+BA30-AX30 -> 378 | BD30: 618 | BF30: =BE30+BD30-BA30 -> 369 | BJ30: 998 | BL30: =BK30+BJ30-BD30 -> 380 | BM30: 24 | BN30: 1318 | BO30: =BN30+BM30-BJ30 -> 344 | BP30: 65 | BQ30: 317 | BR30: =BQ30+BP30-BM30 -> 358 | BS30: 414 | BU30: =BT30+BS30-BP30 -> 349 | BV30: 297 | BW30: 462 | BX30: =BW30+BV30-BS30 -> 345 | BY30: 639 | CA30: =BZ30+BY30-BV30 -> 342 | CE30: 134 | CF30: 847 | CG30: =CF30+CE30-BY30 -> 342 | CH30: 424 | CJ30: =CI30+CH30-CE30 -> 290 | CK30: 275 | CL30: 492 | CM30: =CL30+CK30-CH30 -> 343 | CN30: 647 | CP30: =CO30+CN30-CK30 -> 372 | CQ30: 1023 | CS30: =CR30+CQ30-CN30 -> 376 | CT30: 1382 | CV30: =CU30+CT30-CQ30 -> 359 | CZ30: 223 | DA30: 1528 | DB30: =DA30+CZ30-CT30 -> 369 | DC30: 582 | DE30: =DD30+DC30-CZ30 -> 359 | DF30: 275 | DG30: 672 | DH30: =DG30+DF30-DC30 -> 365 | DI30: 641 | DK30: =DJ30+DI30-DF30 -> 366 | DL30: 255 | DM30: 753 | DN30: =DM30+DL30-DI30 -> 367 | DO30: 587 | DQ30: =DP30+DO30-DL30 -> 332
A31: 27 | B31: 314 | C31: 1560 | D31: 363 | E31: 011-3 | F31: 011-3 | G31: 011-3 | H31: 011-3 | I31: 011-3 | J31: 011-3 | K31: 011-3 | L31: 011-3 | M31: 011-3 | N31: 011-3 | O31: 011-3 | P31: 011-3 | Q31: 011-3 | R31: 011-3 | S31: 011-3 | T31: 011-3 | U31: 011-3 | V31: SC-1020 | W31: SC-1020 | X31: SC-1020 | Y31: SC-1020 | Z31: SC-1020 | AA31: SC-1020 | AB31: SC-1020 | AC31: SC-1020 | AD31: SC-1020 | AE31: SC-1020 | AF31: 690 | AH31: =AG31+AF31-B31 -> 376 | AI31: 1048 | AK31: =AJ31+AI31-AF31 -> 358 | AO31: 1426 | AQ31: =AP31+AO31-AI31 -> 378 | AR31: 234 | AS31: 1560 | AT31: =AS31+AR31-AO31 -> 368 | AU31: 604 | AW31: =AV31+AU31-AR31 -> 370 | AX31: 985 | AZ31: =AY31+AX31-AU31 -> 381 | BA31: 1361 | BC31: =BB31+BA31-AX31 -> 376 | BD31: 169 | BE31: 1560 | BF31: =BE31+BD31-BA31 -> 368 | BJ31: 551 | BL31: =BK31+BJ31-BD31 -> 382 | BM31: 925 | BO31: =BN31+BM31-BJ31 -> 374 | BP31: 1307 | BR31: =BQ31+BP31-BM31 -> 382 | BS31: 136 | BT31: 1540 | BU31: =BT31+BS31-BP31 -> 369 | BV31: 508 | BX31: =BW31+BV31-BS31 -> 372 | BY31: 862 | CA31: =BZ31+BY31-BV31 -> 354 | CE31: 1229 | CG31: =CF31+CE31-BY31 -> 367 | CH31: 1524 | CJ31: =CI31+CH31-CE31 -> 295 | CK31: 241 | CL31: 1638 | CM31: =CL31+CK31-CH31 -> 355 | CN31: 600 | CP31: =CO31+CN31-CK31 -> 359 | CQ31: 964 | CS31: =CR31+CQ31-CN31 -> 364 | CT31: 1306 | CV31: =CU31+CT31-CQ31 -> 342 | CZ31: 105 | DA31: 1560 | DB31: =DA31+CZ31-CT31 -> 359 | DC31: 464 | DE31: =DD31+DC31-CZ31 -> 359 | DF31: 832 | DH31: =DG31+DF31-DC31 -> 368 | DI31: 1199 | DK31: =DJ31+DI31-DF31 -> 367 | DL31: 7 | DM31: 1560 | DN31: =DM31+DL31-DI31 -> 368 | DO31: 344 | DQ31: =DP31+DO31-DL31 -> 337
A32: 28 | B32: 669 | D32: 375 | E32: SC-1020 | F32: SC-1020 | G32: SC-1020 | H32: SC-1020 | I32: SC-1020 | J32: SC-1020 | K32: SC-1020 | L32: SC-1020 | M32: SC-1020 | N32: SC-1020 | O32: SC-1020 | P32: SC-1020 | Q32: SC-1020 | R32: SC-1020 | S32: SC-1020 | T32: SC-1020 | U32: SC-1020 | V32: SC-1020 | W32: SC-1020 | X32: SC-1020 | Y32: SC-1020 | Z32: SC-1020 | AA32: SC-1020 | AB32: SC-1020 | AC32: SC-1020 | AD32: SC-1020 | AE32: SC-1020 | AF32: 1038 | AH32: =AG32+AF32-B32 -> 369 | AI32: 1394 | AK32: =AJ32+AI32-AF32 -> 356 | AO32: 202 | AP32: 1561 | AQ32: =AP32+AO32-AI32 -> 369 | AR32: 569 | AT32: =AS32+AR32-AO32 -> 367 | AU32: 934 | AW32: =AV32+AU32-AR32 -> 365 | AX32: 1316 | AZ32: =AY32+AX32-AU32 -> 382 | BA32: 136 | BB32: 1560 | BC32: =BB32+BA32-AX32 -> 380 | BD32: 506 | BF32: =BE32+BD32-BA32 -> 370 | BJ32: 890 | BL32: =BK32+BJ32-BD32 -> 384 | BM32: 1268 | BO32: =BN32+BM32-BJ32 -> 378 | BP32: 52 | BQ32: 1581 | BR32: =BQ32+BP32-BM32 -> 365 | BS32: 426 | BU32: =BT32+BS32-BP32 -> 374 | BV32: 804 | BX32: =BW32+BV32-BS32 -> 378 | BY32: 1151 | CA32: =BZ32+BY32-BV32 -> 347 | CE32: 1522 | CG32: =CF32+CE32-BY32 -> 371 | CH32: 337 | CI32: 1560 | CJ32: =CI32+CH32-CE32 -> 375 | CK32: 704 | CM32: =CL32+CK32-CH32 -> 367 | CN32: 1078 | CP32: =CO32+CN32-CK32 -> 374 | CQ32: 1449 | CS32: =CR32+CQ32-CN32 -> 371 | CT32: 0 | CU32: 1588 | CV32: =CU32+CT32-CQ32 -> 139 | CZ32: 0 | DB32: =DA32+CZ32-CT32 -> 0 | DC32: 340 | DE32: =DD32+DC32-CZ32 -> 340 | DF32: 716 | DH32: =DG32+DF32-DC32 -> 376 | DI32: 1074 | DK32: =DJ32+DI32-DF32 -> 358 | DL32: 311 | DM32: 1133 | DN32: =DM32+DL32-DI32 -> 370 | DO32: 640 | DQ32: =DP32+DO32-DL32 -> 329
A33: 29 | B33: 0 | C33: 1359 | D33: 323 | E33: SC-1020 | F33: SC-1020 | G33: SC-1020 | H33: SC-1020 | I33: SC-1020 | J33: SC-1020 | K33: SC-1020 | L33: SC-1020 | M33: SC-1020 | N33: SC-1020 | O33: SC-1020 | P33: SC-1020 | Q33: SC-1020 | R33: SC-1020 | S33: SC-1020 | T33: SC-1020 | U33: SC-1020 | V33: SC-1020 | W33: SC-1020 | X33: SC-1020 | Y33: SC-1020 | Z33: SC-1020 | AA33: SC-1020 | AB33: SC-1020 | AC33: SC-1020 | AD33: SC-1020 | AE33: SC-1020 | AF33: 339 | AH33: =AG33+AF33-B33 -> 339 | AI33: 687 | AK33: =AJ33+AI33-AF33 -> 348 | AO33: 1054 | AQ33: =AP33+AO33-AI33 -> 367 | AR33: 1422 | AT33: =AS33+AR33-AO33 -> 368 | AU33: 303 | AV33: 1475 | AW33: =AV33+AU33-AR33 -> 356 | AX33: 682 | AZ33: =AY33+AX33-AU33 -> 379 | BA33: 1056 | BC33: =BB33+BA33-AX33 -> 374 | BD33: 1427 | BF33: =BE33+BD33-BA33 -> 371 | BJ33: 248 | BK33: 1560 | BL33: =BK33+BJ33-BD33 -> 381 | BM33: 624 | BO33: =BN33+BM33-BJ33 -> 376 | BP33: 1008 | BR33: =BQ33+BP33-BM33 -> 384 | BS33: 1377 | BU33: =BT33+BS33-BP33 -> 369 | BV33: 190 | BW33: 1560 | BX33: =BW33+BV33-BS33 -> 373 | BY33: 547 | CA33: =BZ33+BY33-BV33 -> 357 | CE33: 235 | CF33: 682 | CG33: =CF33+CE33-BY33 -> 370 | CH33: 609 | CJ33: =CI33+CH33-CE33 -> 374 | CK33: 362 | CL33: 612 | CM33: =CL33+CK33-CH33 -> 365 | CN33: 739 | CP33: =CO33+CN33-CK33 -> 377 | CQ33: 1106 | CS33: =CR33+CQ33-CN33 -> 367 | CT33: 1454 | CV33: =CU33+CT33-CQ33 -> 348 | CZ33: 267 | DA33: 1560 | DB33: =DA33+CZ33-CT33 -> 373 | DC33: 0 | DD33: 413 | DE33: =DD33+DC33-CZ33 -> 146 | DF33: 294 | DH33: =DG33+DF33-DC33 -> 294 | DI33: 660 | DK33: =DJ33+DI33-DF33 -> 366 | DL33: 338 | DM33: 677 | DN33: =DM33+DL33-DI33 -> 355 | DO33: 653 | DQ33: =DP33+DO33-DL33 -> 315
A34: 30 | B34: 355 | C34: 1516 | D34: 365 | E34: SC-1020 | F34: SC-1020 | G34: SC-1020 | H34: SC-1020 | I34: SC-1020 | J34: SC-1020 | K34: SC-1020 | L34: SC-1020 | M34: SC-1020 | N34: SC-1020 | O34: SC-1020 | P34: SC-1020 | Q34: SC-1020 | R34: SC-1020 | S34: SC-1020 | T34: SC-1020 | U34: SC-1020 | V34: 011-4 | W34: 011-4 | X34: 011-4 | Y34: 011-4 | Z34: 011-4 | AA34: 011-4 | AB34: 011-4 | AC34: 011-4 | AD34: 011-4 | AE34: 011-4 | AF34: 725 | AH34: =AG34+AF34-B34 -> 370 | AI34: 1081 | AK34: =AJ34+AI34-AF34 -> 356 | AO34: 1 | AP34: 1454 | AQ34: =AP34+AO34-AI34 -> 374 | AR34: 364 | AT34: =AS34+AR34-AO34 -> 363 | AU34: 722 | AW34: =AV34+AU34-AR34 -> 358 | AX34: 40 | AY34: 1061 | AZ34: =AY34+AX34-AU34 -> 379 | BA34: 371 | BC34: =BB34+BA34-AX34 -> 331 | BD34: 725 | BF34: =BE34+BD34-BA34 -> 354 | BJ34: 1083 | BL34: =BK34+BJ34-BD34 -> 358 | BM34: 1449 | BO34: =BN34+BM34-BJ34 -> 366 | BP34: 266 | BQ34: 1560 | BR34: =BQ34+BP34-BM34 -> 377 | BS34: 628 | BU34: =BT34+BS34-BP34 -> 362 | BV34: 1005 | BX34: =BW34+BV34-BS34 -> 377 | BY34: 1361 | CA34: =BZ34+BY34-BV34 -> 356 | CE34: 267 | CF34: 1459 | CG34: =CF34+CE34-BY34 -> 365 | CH34: 563 | CJ34: =CI34+CH34-CE34 -> 296 | CK34: 248 | CL34: 676 | CM34: =CL34+CK34-CH34 -> 361 | CN34: 616 | CP34: =CO34+CN34-CK34 -> 368 | CQ34: 990 | CS34: =CR34+CQ34-CN34 -> 374 | CT34: 1329 | CV34: =CU34+CT34-CQ34 -> 339 | CZ34: 144 | DA34: 1560 | DB34: =DA34+CZ34-CT34 -> 375 | DC34: 506 | DE34: =DD34+DC34-CZ34 -> 362 | DF34: 124 | DG34: 749 | DH34: =DG34+DF34-DC34 -> 367 | DI34: 482 | DK34: =DJ34+DI34-DF34 -> 358 | DL34: 836 | DN34: =DM34+DL34-DI34 -> 354 | DO34: 1174 | DQ34: =DP34+DO34-DL34 -> 338
A35: 31 | B35: 542 | D35: 328 | E35: ABZ85,DR794Z,DR856Z | F35: ABZ85,DR794Z,DR856Z | G35: ABZ85,DR794Z,DR856Z | H35: DR1073Z,DR856Z | I35: DR1073Z,DR856Z | J35: DR1073Z,DR856Z | K35: DR1073Z,DR856Z | L35: DR1073Z,DR856Z | M35: DR1073Z,DR856Z | N35: SC-1020 | O35: SC-1020 | P35: SC-1020 | Q35: SC-1020 | R35: SC-1020 | S35: SC-1020 | T35: SC-1020 | U35: SC-1020 | V35: SC-1020 | W35: SC-1020 | X35: SC-1020 | Y35: SC-1020 | Z35: SC-1020 | AA35: SC-1020 | AB35: SC-1020 | AC35: SC-1020 | AD35: SC-1020 | AE35: SC-1020 | AF35: 891 | AH35: =AG35+AF35-B35 -> 349 | AI35: 1220 | AK35: =AJ35+AI35-AF35 -> 329 | AO35: 249 | AP35: 1273 | AQ35: =AP35+AO35-AI35 -> 302 | AR35: 592 | AT35: =AS35+AR35-AO35 -> 343 | AU35: 910 | AW35: =AV35+AU35-AR35 -> 318 | AX35: 58 | AY35: 1200 | AZ35: =AY35+AX35-AU35 -> 348 | BA35: 394 | BC35: =BB35+BA35-AX35 -> 336 | BD35: 0 | BE35: 394 | BF35: =BE35+BD35-BA35 -> 0 | BJ35: 0 | BL35: =BK35+BJ35-BD35 -> 0 | BM35: 0 | BO35: =BN35+BM35-BJ35 -> 0 | BP35: 282 | BR35: =BQ35+BP35-BM35 -> 282 | BS35: 656 | BU35: =BT35+BS35-BP35 -> 374 | BV35: 1028 | BX35: =BW35+BV35-BS35 -> 372 | BY35: 292 | BZ35: 1084 | CA35: =BZ35+BY35-BV35 -> 348 | CE35: =366+292 -> 658 | CG35: =CF35+CE35-BY35 -> 366 | CH35: =729+292 -> 1021 | CJ35: =CI35+CH35-CE35 -> 363 | CK35: =933+292 -> 1225 | CM35: =CL35+CK35-CH35 -> 204 | CN35: 31 | CO35: 1560 | CP35: =CO35+CN35-CK35 -> 366 | CQ35: 398 | CS35: =CR35+CQ35-CN35 -> 367 | CT35: 742 | CV35: =CU35+CT35-CQ35 -> 344 | CZ35: 1109 | DB35: =DA35+CZ35-CT35 -> 367 | DC35: 1473 | DE35: =DD35+DC35-CZ35 -> 364 | DF35: 1837 | DH35: =DG35+DF35-DC35 -> 364 | DI35: 0 | DJ35: 2163 | DK35: =DJ35+DI35-DF35 -> 326 | DL35: 331 | DN35: =DM35+DL35-DI35 -> 331 | DO35: 658 | DQ35: =DP35+DO35-DL35 -> 327
A36: 32 | B36: 0 | C36: 677 | D36: 241 | E36: ABZ85,DR794Z,DR856Z | F36: DR1073Z,DR856Z | G36: DR1073Z,DR856Z | H36: DR1073Z,DR856Z | I36: DR1073Z,DR856Z | J36: DR1073Z,DR856Z | K36: DR1073Z,DR856Z | L36: DR1073Z,DR856Z | M36: DR1073Z,DR856Z | N36: SC-1020 | O36: SC-1020 | P36: SC-1020 | Q36: SC-1020 | R36: SC-1020 | S36: SC-1020 | T36: SC-1020 | U36: SC-1020 | V36: SC-1020 | W36: SC-1020 | X36: SC-1020 | Y36: SC-1020 | Z36: SC-1020 | AA36: SC-1020 | AB36: SC-1020 | AC36: SC-1020 | AD36: SC-1020 | AE36: SC-1020 | AF36: 335 | AH36: =AG36+AF36-B36 -> 335 | AI36: 665 | AK36: =AJ36+AI36-AF36 -> 330 | AO36: 1011 | AQ36: =AP36+AO36-AI36 -> 346 | AR36: 158 | AS36: 1200 | AT36: =AS36+AR36-AO36 -> 347 | AU36: 504 | AW36: =AV36+AU36-AR36 -> 346 | AX36: 845 | AZ36: =AY36+AX36-AU36 -> 341 | BA36: 944 | BC36: =BB36+BA36-AX36 -> 99 | BD36: 0 | BE36: 944 | BF36: =BE36+BD36-BA36 -> 0 | BJ36: 0 | BL36: =BK36+BJ36-BD36 -> 0 | BM36: 0 | BO36: =BN36+BM36-BJ36 -> 0 | BP36: 293 | BR36: =BQ36+BP36-BM36 -> 293 | BS36: 676 | BU36: =BT36+BS36-BP36 -> 383 | BV36: 1044 | BX36: =BW36+BV36-BS36 -> 368 | BY36: 1401 | CA36: =BZ36+BY36-BV36 -> 357 | CE36: 206 | CF36: 1570 | CG36: =CF36+CE36-BY36 -> 375 | CH36: 573 | CJ36: =CI36+CH36-CE36 -> 367 | CK36: 946 | CM36: =CL36+CK36-CH36 -> 373 | CN36: 1311 | CP36: =CO36+CN36-CK36 -> 365 | CQ36: 234 | CR36: 1448 | CS36: =CR36+CQ36-CN36 -> 371 | CT36: 588 | CV36: =CU36+CT36-CQ36 -> 354 | CZ36: 966 | DB36: =DA36+CZ36-CT36 -> 378 | DC36: 0 | DD36: 1195 | DE36: =DD36+DC36-CZ36 -> 229 | DF36: 322 | DH36: =DG36+DF36-DC36 -> 322 | DI36: 682 | DK36: =DJ36+DI36-DF36 -> 360 | DL36: 1055 | DN36: =DM36+DL36-DI36 -> 373 | DO36: 1394 | DQ36: =DP36+DO36-DL36 -> 339
A37: 33 | B37: 316 | C37: 1560 | D37: 406 | E37: 011-3 61" | F37: 011-3 | G37: 011-3 | H37: 011-3 | I37: 011-3 | J37: 011-3 | K37: 011-3 | L37: 011-3 | M37: 011-3 | N37: 011-3 | O37: 011-3 | P37: 011-3 | Q37: 011-3 | R37: 011-3 | S37: 011-3 | T37: 011-3 | U37: 011-3 | V37: 011-3 | W37: 011-3 | X37: 011-3 | Y37: 011-3 | Z37: 011-3 | AA37: SC-1020 | AB37: SC-1020 | AC37: SC-1020 | AD37: SC-1020 | AE37: SC-1020 | AF37: 217 | AG37: 447 | AH37: =AG37+AF37-B37 -> 348 | AI37: 598 | AK37: =AJ37+AI37-AF37 -> 381 | AO37: 980 | AQ37: =AP37+AO37-AI37 -> 382 | AR37: =1380*0.9144 -> 1261.872 | AT37: =AS37+AR37-AO37 -> 281.872 | AU37: 70 | AV37: 1560 | AW37: =AV37+AU37-AR37 -> 368.128 | AX37: 429 | AZ37: =AY37+AX37-AU37 -> 359 | BA37: 785 | BC37: =BB37+BA37-AX37 -> 356 | BD37: 1146 | BF37: =BE37+BD37-BA37 -> 361 | BJ37: 1514 | BL37: =BK37+BJ37-BD37 -> 368 | BM37: 327 | BN37: 1560 | BO37: =BN37+BM37-BJ37 -> 373 | BP37: 676 | BR37: =BQ37+BP37-BM37 -> 349 | BS37: 1038 | BU37: =BT37+BS37-BP37 -> 362 | BV37: 213 | BW37: 1180 | BX37: =BW37+BV37-BS37 -> 355 | BY37: 556 | CA37: =BZ37+BY37-BV37 -> 343 | CE37: 911 | CG37: =CF37+CE37-BY37 -> 355 | CH37: 1273 | CJ37: =CI37+CH37-CE37 -> 362 | CK37: 57 | CL37: 1560 | CM37: =CL37+CK37-CH37 -> 344 | CN37: 426 | CP37: =CO37+CN37-CK37 -> 369 | CQ37: 787 | CS37: =CR37+CQ37-CN37 -> 361 | CT37: 162 | CU37: 966 | CV37: =CU37+CT37-CQ37 -> 341 | CZ37: 0 | DA37: =359+136 -> 495 | DB37: =DA37+CZ37-CT37 -> 333 | DC37: 244 | DE37: =DD37+DC37-CZ37 -> 244 | DF37: 616 | DH37: =DG37+DF37-DC37 -> 372 | DI37: 976 | DK37: =DJ37+DI37-DF37 -> 360 | DL37: 1338 | DN37: =DM37+DL37-DI37 -> 362 | DO37: 81 | DP37: 1560 | DQ37: =DP37+DO37-DL37 -> 303
A38: 34 | B38: 767 | D38: 405 | E38: 011-3 61" | F38: 011-3 | G38: 011-3 | H38: 011-3 | I38: 011-3 | J38: 011-3 | K38: 011-3 | L38: 011-3 | M38: 011-3 | N38: 011-3 | O38: 011-3 | P38: 011-3 | Q38: 011-3 | R38: 011-3 | S38: 011-3 | T38: 011-3 | U38: 011-3 | V38: 011-3 | W38: 011-3 | X38: 011-3 | Y38: 011-3 | Z38: 011-3 | AA38: 011-3 | AB38: SC-1020 | AC38: SC-1020 | AD38: SC-1020 | AE38: SC-1020 | AF38: 287 | AG38: 862 | AH38: =AG38+AF38-B38 -> 382 | AI38: 678 | AK38: =AJ38+AI38-AF38 -> 391 | AO38: 1084 | AQ38: =AP38+AO38-AI38 -> 406 | AR38: =1489*0.9144 -> 1361.5416 | AT38: =AS38+AR38-AO38 -> 277.5416 | AU38: 165 | AV38: 1560 | AW38: =AV38+AU38-AR38 -> 363.4584 | AX38: 543 | AZ38: =AY38+AX38-AU38 -> 378 | BA38: 918 | BC38: =BB38+BA38-AX38 -> 375 | BD38: 1283 | BF38: =BE38+BD38-BA38 -> 365 | BJ38: 94 | BK38: 1560 | BL38: =BK38+BJ38-BD38 -> 371 | BM38: 466 | BO38: =BN38+BM38-BJ38 -> 372 | BP38: 842 | BR38: =BQ38+BP38-BM38 -> 376 | BS38: 131 | BT38: 1080 | BU38: =BT38+BS38-BP38 -> 369 | BV38: 476 | BX38: =BW38+BV38-BS38 -> 345 | BY38: 822 | CA38: =BZ38+BY38-BV38 -> 346 | CE38: 1194 | CG38: =CF38+CE38-BY38 -> 372 | CH38: 2 | CI38: 1560 | CJ38: =CI38+CH38-CE38 -> 368 | CK38: 373 | CM38: =CL38+CK38-CH38 -> 371 | CN38: 702 | CP38: =CO38+CN38-CK38 -> 329 | CQ38: 1070 | CS38: =CR38+CQ38-CN38 -> 368 | CT38: 1410 | CV38: =CU38+CT38-CQ38 -> 340 | CZ38: 217 | DA38: 1560 | DB38: =DA38+CZ38-CT38 -> 367 | DC38: 0 | DD38: 495 | DE38: =DD38+DC38-CZ38 -> 278 | DF38: 310 | DH38: =DG38+DF38-DC38 -> 310 | DI38: 678 | DK38: =DJ38+DI38-DF38 -> 368 | DL38: 1043 | DN38: =DM38+DL38-DI38 -> 365 | DO38: 1372 | DQ38: =DP38+DO38-DL38 -> 329
A39: 35 | B39: 97 | C39: 1560 | D39: 373 | E39: SC-1020 | F39: SC-1020 | G39: SC-1020 | H39: SC-1020 | I39: SC-1020 | J39: SC-1020 | K39: SC-1020 | L39: SC-1020 | M39: SC-1020 | N39: 011-3 | O39: 011-3 | P39: 011-3 | Q39: 011-3 | R39: SC-1020 | S39: SC-1020 | T39: SC-1020 | U39: SC-1020 | V39: SC-1020 | W39: SC-1020 | X39: SC-1020 | Y39: SC-1020 | Z39: SC-1020 | AA39: SC-1020 | AB39: SC-1020 | AC39: SC-1020 | AD39: SC-1020 | AE39: SC-1020 | AF39: 479 | AH39: =AG39+AF39-B39 -> 382 | AI39: 831 | AK39: =AJ39+AI39-AF39 -> 352 | AO39: 1214 | AQ39: =AP39+AO39-AI39 -> 383 | AR39: 23 | AS39: 1560 | AT39: =AS39+AR39-AO39 -> 369 | AU39: 395 | AW39: =AV39+AU39-AR39 -> 372 | AX39: 398 | AZ39: =AY39+AX39-AU39 -> 3 | BA39: 0 | BB39: 675 | BC39: =BB39+BA39-AX39 -> 277 | BD39: 0 | BF39: =BE39+BD39-BA39 -> 0 | BJ39: 319 | BL39: =BK39+BJ39-BD39 -> 319 | BM39: 682 | BO39: =BN39+BM39-BJ39 -> 363 | BP39: 1063 | BR39: =BQ39+BP39-BM39 -> 381 | BS39: 1444 | BU39: =BT39+BS39-BP39 -> 381 | BV39: 354 | BW39: 1445 | BX39: =BW39+BV39-BS39 -> 355 | BY39: 717 | CA39: =BZ39+BY39-BV39 -> 363 | CE39: 1088 | CG39: =CF39+CE39-BY39 -> 371 | CH39: 42 | CI39: 1408 | CJ39: =CI39+CH39-CE39 -> 362 | CK39: 416 | CM39: =CL39+CK39-CH39 -> 374 | CN39: 787 | CP39: =CO39+CN39-CK39 -> 371 | CQ39: 1161 | CS39: =CR39+CQ39-CN39 -> 374 | CT39: 15 | CU39: 1504 | CV39: =CU39+CT39-CQ39 -> 358 | CZ39: 394 | DB39: =DA39+CZ39-CT39 -> 379 | DC39: 0 | DD39: 555 | DE39: =DD39+DC39-CZ39 -> 161 | DF39: 293 | DH39: =DG39+DF39-DC39 -> 293 | DI39: 664 | DK39: =DJ39+DI39-DF39 -> 371 | DL39: 57 | DM39: 960 | DN39: =DM39+DL39-DI39 -> 353 | DO39: 398 | DQ39: =DP39+DO39-DL39 -> 341
A40: 36 | B40: 955 | D40: 326 | E40: DR1073Z,DR856Z | F40: DR1073Z,DR856Z | G40: DR1073Z,DR856Z | H40: DR1073Z,DR856Z | I40: DR1073Z,DR856Z | J40: DR1073Z,DR856Z | K40: DR1073Z,DR856Z | L40: DR1073Z,DR856Z | M40: DR1073Z,DR856Z | N40: DR1073Z,DR856Z | O40: DR1073Z,DR856Z | P40: DR1073Z,DR856Z | Q40: DR1073Z,DR856Z | R40: DR1073Z,DR856Z | S40: SC-1020 | T40: SC-1020 | U40: SC-1020 | V40: SC-1020 | W40: SC-1020 | X40: SC-1020 | Y40: SC-1020 | Z40: SC-1020 | AA40: SC-1020 | AB40: SC-1020 | AC40: SC-1020 | AD40: SC-1020 | AE40: SC-1020 | AF40: 104 | AG40: 1200 | AH40: =AG40+AF40-B40 -> 349 | AI40: 437 | AK40: =AJ40+AI40-AF40 -> 333 | AO40: 779 | AQ40: =AP40+AO40-AI40 -> 342 | AR40: 1107 | AT40: =AS40+AR40-AO40 -> 328 | AU40: 241 | AV40: 1200 | AW40: =AV40+AU40-AR40 -> 334 | AX40: 586 | AZ40: =AY40+AX40-AU40 -> 345 | BA40: 1 | BB40: 934 | BC40: =BB40+BA40-AX40 -> 349 | BD40: 323 | BF40: =BE40+BD40-BA40 -> 322 | BJ40: 657 | BL40: =BK40+BJ40-BD40 -> 334 | BM40: 264 | BN40: 726 | BO40: =BN40+BM40-BJ40 -> 333 | BP40: 612 | BR40: =BQ40+BP40-BM40 -> 348 | BS40: 0 | BT40: 730 | BU40: =BT40+BS40-BP40 -> 118 | BV40: 0 | BX40: =BW40+BV40-BS40 -> 0 | BY40: 0 | CA40: =BZ40+BY40-BV40 -> 0 | CE40: 0 | CG40: =CF40+CE40-BY40 -> 0 | CH40: 270 | CJ40: =CI40+CH40-CE40 -> 270 | CK40: 630 | CM40: =CL40+CK40-CH40 -> 360 | CN40: 1000 | CP40: =CO40+CN40-CK40 -> 370 | CQ40: 1364 | CS40: =CR40+CQ40-CN40 -> 364 | CT40: 141 | CU40: 1561 | CV40: =CU40+CT40-CQ40 -> 338 | CZ40: 228 | DA40: 272 | DB40: =DA40+CZ40-CT40 -> 359 | DC40: 269 | DD40: 313 | DE40: =DD40+DC40-CZ40 -> 354 | DF40: 597 | DH40: =DG40+DF40-DC40 -> 328 | DI40: 956 | DK40: =DJ40+DI40-DF40 -> 359 | DL40: 1312 | DN40: =DM40+DL40-DI40 -> 356 | DO40: 84 | DP40: 1560 | DQ40: =DP40+DO40-DL40 -> 332
A41: 37 | B41: 344 | C41: 371 | D41: 373 | E41: 011-3 | F41: 011-3 | G41: 011-3 | H41: 011-3 | I41: 011-3 | J41: 011-3 | K41: 011-3 | L41: 011-3 | M41: 011-3 | N41: 011-3 | O41: 011-3 | P41: 011-3 | Q41: 011-3 | R41: 011-3 | S41: 011-3 | T41: 011-3 | U41: 011-3 | V41: 011-4 | W41: 011-4 | X41: 011-4 | Y41: 011-4 | Z41: 011-4 | AA41: 011-4 | AB41: 011-4 | AC41: 011-4 | AD41: 011-4 | AE41: 011-4 | AF41: 719 | AH41: =AG41+AF41-B41 -> 375 | AI41: 1077 | AK41: =AJ41+AI41-AF41 -> 358 | AO41: 1450 | AQ41: =AP41+AO41-AI41 -> 373 | AR41: 256 | AS41: 1560 | AT41: =AS41+AR41-AO41 -> 366 | AU41: 619 | AW41: =AV41+AU41-AR41 -> 363 | AX41: 988 | AZ41: =AY41+AX41-AU41 -> 369 | BA41: 1358 | BC41: =BB41+BA41-AX41 -> 370 | BD41: 153 | BE41: 1560 | BF41: =BE41+BD41-BA41 -> 355 | BJ41: 525 | BL41: =BK41+BJ41-BD41 -> 372 | BM41: 892 | BO41: =BN41+BM41-BJ41 -> 367 | BP41: 1256 | BR41: =BQ41+BP41-BM41 -> 364 | BS41: 64 | BT41: 1560 | BU41: =BT41+BS41-BP41 -> 368 | BV41: 151 | BW41: 265 | BX41: =BW41+BV41-BS41 -> 352 | BY41: 442 | CA41: =BZ41+BY41-BV41 -> 291 | CE41: 796 | CG41: =CF41+CE41-BY41 -> 354 | CH41: 0 | CI41: 995 | CJ41: =CI41+CH41-CE41 -> 199 | CK41: 313 | CM41: =CL41+CK41-CH41 -> 313 | CN41: 675 | CP41: =CO41+CN41-CK41 -> 362 | CQ41: 224 | CR41: 803 | CS41: =CR41+CQ41-CN41 -> 352 | CT41: 567 | CV41: =CU41+CT41-CQ41 -> 343 | CZ41: 932 | DB41: =DA41+CZ41-CT41 -> 365 | DC41: 1289 | DE41: =DD41+DC41-CZ41 -> 357 | DF41: 84 | DG41: 1560 | DH41: =DG41+DF41-DC41 -> 355 | DI41: 444 | DK41: =DJ41+DI41-DF41 -> 360 | DL41: 803 | DN41: =DM41+DL41-DI41 -> 359 | DO41: 1129 | DQ41: =DP41+DO41-DL41 -> 326
A42: 38 | B42: 36 | C42: 1400 | D42: 351 | E42: DR1073Z,DR856Z | F42: DR1073Z,DR856Z | G42: DR1073Z,DR856Z | H42: DR1073Z,DR856Z | I42: DR1073Z,DR856Z | J42: DR1073Z,DR856Z | K42: DR1073Z,DR856Z | L42: DR1073Z,DR856Z | M42: DR1073Z,DR856Z | N42: DR1073Z,DR856Z | O42: DR1073Z,DR856Z | P42: DR1073Z,DR856Z | Q42: DR1073Z,DR856Z | R42: DR1073Z,DR856Z | S42: SC-1020 | T42: SC-1020 | U42: SC-1020 | V42: SC-1020 | W42: SC-1020 | X42: SC-1020 | Y42: SC-1020 | Z42: SC-1020 | AA42: SC-1020 | AB42: SC-1020 | AC42: SC-1020 | AD42: SC-1020 | AE42: SC-1020 | AF42: 407 | AH42: =AG42+AF42-B42 -> 371 | AI42: 754 | AK42: =AJ42+AI42-AF42 -> 347 | AO42: 1128 | AQ42: =AP42+AO42-AI42 -> 374 | AR42: 291 | AS42: 1205 | AT42: =AS42+AR42-AO42 -> 368 | AU42: 660 | AW42: =AV42+AU42-AR42 -> 369 | AX42: 1032 | AZ42: =AY42+AX42-AU42 -> 372 | BA42: 200 | BB42: 1200 | BC42: =BB42+BA42-AX42 -> 368 | BD42: 560 | BF42: =BE42+BD42-BA42 -> 360 | BJ42: 929 | BL42: =BK42+BJ42-BD42 -> 369 | BM42: 97 | BN42: 1200 | BO42: =BN42+BM42-BJ42 -> 368 | BP42: 467 | BR42: =BQ42+BP42-BM42 -> 370 | BS42: 839 | BU42: =BT42+BS42-BP42 -> 372 | BV42: 0 | BW42: 910 | BX42: =BW42+BV42-BS42 -> 71 | BY42: 0 | CA42: =BZ42+BY42-BV42 -> 0 | CE42: 0 | CG42: =CF42+CE42-BY42 -> 0 | CH42: 297 | CJ42: =CI42+CH42-CE42 -> 297 | CK42: 676 | CM42: =CL42+CK42-CH42 -> 379 | CN42: 1051 | CP42: =CO42+CN42-CK42 -> 375 | CQ42: 1431 | CS42: =CR42+CQ42-CN42 -> 380 | CT42: 230 | CU42: 1557 | CV42: =CU42+CT42-CQ42 -> 356 | CZ42: 613 | DB42: =DA42+CZ42-CT42 -> 383 | DC42: 991 | DE42: =DD42+DC42-CZ42 -> 378 | DF42: 1342 | DH42: =DG42+DF42-DC42 -> 351 | DI42: 141 | DJ42: 1560 | DK42: =DJ42+DI42-DF42 -> 359 | DL42: 501 | DN42: =DM42+DL42-DI42 -> 360 | DO42: 825 | DQ42: =DP42+DO42-DL42 -> 324
A43: 39 | B43: 130 | C43: 1561 | D43: 382 | E43: SC-1020 | F43: SC-1020 | G43: SC-1020 | H43: SC-1020 | I43: SC-1020 | J43: SC-1020 | K43: SC-1020 | L43: SC-1020 | M43: SC-1020 | N43: SC-1020 | O43: SC-1020 | P43: SC-1020 | Q43: SC-1020 | R43: SC-1020 | S43: SC-1020 | T43: SC-1020 | U43: SC-1020 | V43: SC-1020 | W43: SC-1020 | X43: SC-1020 | Y43: SC-1020 | Z43: SC-1020 | AA43: SC-1020 | AB43: SC-1020 | AC43: SC-1020 | AD43: SC-1020 | AE43: SC-1020 | AF43: 508 | AH43: =AG43+AF43-B43 -> 378 | AI43: 871 | AK43: =AJ43+AI43-AF43 -> 363 | AO43: 1205 | AQ43: =AP43+AO43-AI43 -> 334 | AR43: 274 | AS43: 1279 | AT43: =AS43+AR43-AO43 -> 348 | AU43: 629 | AW43: =AV43+AU43-AR43 -> 355 | AX43: 988 | AZ43: =AY43+AX43-AU43 -> 359 | BA43: 1346 | BC43: =BB43+BA43-AX43 -> 358 | BD43: 131 | BE43: 1560 | BF43: =BE43+BD43-BA43 -> 345 | BJ43: 489 | BL43: =BK43+BJ43-BD43 -> 358 | BM43: 0 | BN43: 836 | BO43: =BN43+BM43-BJ43 -> 347 | BP43: 369 | BR43: =BQ43+BP43-BM43 -> 369 | BS43: 0 | BT43: 675 | BU43: =BT43+BS43-BP43 -> 306 | BV43: 0 | BX43: =BW43+BV43-BS43 -> 0 | BY43: 0 | CA43: =BZ43+BY43-BV43 -> 0 | CE43: 0 | CG43: =CF43+CE43-BY43 -> 0 | CH43: 286 | CJ43: =CI43+CH43-CE43 -> 286 | CK43: 632 | CM43: =CL43+CK43-CH43 -> 346 | CN43: 1009 | CP43: =CO43+CN43-CK43 -> 377 | CQ43: 1382 | CS43: =CR43+CQ43-CN43 -> 373 | CT43: 155 | CU43: 1565 | CV43: =CU43+CT43-CQ43 -> 338 | CZ43: 513 | DB43: =DA43+CZ43-CT43 -> 358 | DC43: 867 | DE43: =DD43+DC43-CZ43 -> 354 | DF43: 1189 | DH43: =DG43+DF43-DC43 -> 322 | DI43: 231 | DJ43: 1282 | DK43: =DJ43+DI43-DF43 -> 324 | DL43: 585 | DN43: =DM43+DL43-DI43 -> 354 | DO43: 905 | DQ43: =DP43+DO43-DL43 -> 320
A44: 40 | B44: 0 | C44: 500 | D44: 114 | E44: ACZ07 | F44: ACZ07 | G44: ACZ07 | H44: ACZ07 | I44: ACZ07 | J44: ACZ07 | K44: SC-1020 | L44: SC-1020 | M44: SC-1020 | N44: SC-1020 | O44: SC-1020 | P44: SC-1020 | Q44: SC-1020 | R44: SC-1020 | S44: SC-1020 | T44: SC-1020 | U44: SC-1020 | V44: SC-1020 | W44: SC-1020 | X44: SC-1020 | Y44: SC-1020 | Z44: SC-1020 | AA44: SC-1020 | AB44: SC-1020 | AC44: SC-1020 | AD44: SC-1020 | AE44: SC-1020 | AF44: 354 | AH44: =AG44+AF44-B44 -> 354 | AI44: 1 | AJ44: 800 | AK44: =AJ44+AI44-AF44 -> 447 | AO44: 466 | AQ44: =AP44+AO44-AI44 -> 465 | AR44: 426 | AS44: 500 | AT44: =AS44+AR44-AO44 -> 460 | AU44: 394 | AV44: 461 | AW44: =AV44+AU44-AR44 -> 429 | AX44: 324 | AY44: 396 | AZ44: =AY44+AX44-AU44 -> 326 | BA44: 700 | BC44: =BB44+BA44-AX44 -> 376 | BD44: 1063 | BF44: =BE44+BD44-BA44 -> 363 | BJ44: 1436 | BL44: =BK44+BJ44-BD44 -> 373 | BM44: 248 | BN44: 1560 | BO44: =BN44+BM44-BJ44 -> 372 | BP44: 621 | BR44: =BQ44+BP44-BM44 -> 373 | BS44: 993 | BU44: =BT44+BS44-BP44 -> 372 | BV44: 1367 | BX44: =BW44+BV44-BS44 -> 374 | BY44: 151 | BZ44: 1560 | CA44: =BZ44+BY44-BV44 -> 344 | CE44: 525 | CG44: =CF44+CE44-BY44 -> 374 | CH44: 902 | CJ44: =CI44+CH44-CE44 -> 377 | CK44: 1275 | CM44: =CL44+CK44-CH44 -> 373 | CN44: 87 | CO44: 1560 | CP44: =CO44+CN44-CK44 -> 372 | CQ44: 452 | CS44: =CR44+CQ44-CN44 -> 365 | CT44: 0 | CU44: =523+98 -> 621 | CV44: =CU44+CT44-CQ44 -> 169 | CZ44: 216 | DB44: =DA44+CZ44-CT44 -> 216 | DC44: 585 | DE44: =DD44+DC44-CZ44 -> 369 | DF44: 895 | DH44: =DG44+DF44-DC44 -> 310 | DI44: 1191 | DK44: =DJ44+DI44-DF44 -> 296 | DL44: 1542 | DN44: =DM44+DL44-DI44 -> 351 | DO44: 312 | DP44: 1560 | DQ44: =DP44+DO44-DL44 -> 330
A45: 41 | B45: 31 | C45: 1316 | D45: 376 | E45: SC-1020 | F45: SC-1020 | G45: SC-1020 | H45: SC-1020 | I45: SC-1020 | J45: SC-1020 | K45: SC-1020 | L45: SC-1020 | M45: SC-1020 | N45: SC-1020 | O45: SC-1020 | P45: SC-1020 | Q45: SC-1020 | R45: SC-1020 | S45: SC-1020 | T45: RD225Z,DR1074Z | U45: RD225Z,DR1074Z | V45: RD225Z,DR1074Z | W45: RD225Z,DR1074Z | X45: RD225Z,DR1074Z | Y45: RD225Z,DR1074Z | Z45: RD225Z,DR1074Z | AA45: RD225Z,DR1074Z | AB45: RD225Z,DR1074Z | AC45: RD225Z,DR1074Z | AD45: RD225Z,DR1074Z | AE45: RD225Z,DR1074Z | AF45: 413 | AH45: =AG45+AF45-B45 -> 382 | AI45: 770 | AK45: =AJ45+AI45-AF45 -> 357 | AO45: 1147 | AQ45: =AP45+AO45-AI45 -> 377 | AR45: 1525 | AT45: =AS45+AR45-AO45 -> 378 | AU45: 337 | AV45: 1560 | AW45: =AV45+AU45-AR45 -> 372 | AX45: 709 | AZ45: =AY45+AX45-AU45 -> 372 | BA45: 1090 | BC45: =BB45+BA45-AX45 -> 381 | BD45: 286 | BE45: 1170 | BF45: =BE45+BD45-BA45 -> 366 | BJ45: 670 | BL45: =BK45+BJ45-BD45 -> 384 | BM45: 1049 | BO45: =BN45+BM45-BJ45 -> 379 | BP45: 345 | BQ45: 1084 | BR45: =BQ45+BP45-BM45 -> 380 | BS45: 723 | BU45: =BT45+BS45-BP45 -> 378 | BV45: 1106 | BX45: =BW45+BV45-BS45 -> 383 | BY45: 0 | BZ45: 1416 | CA45: =BZ45+BY45-BV45 -> 310 | CE45: 299 | CG45: =CF45+CE45-BY45 -> 299 | CH45: 647 | CJ45: =CI45+CH45-CE45 -> 348 | CK45: 992 | CM45: =CL45+CK45-CH45 -> 345 | CN45: 140 | CO45: 1200 | CP45: =CO45+CN45-CK45 -> 348 | CQ45: 486 | CS45: =CR45+CQ45-CN45 -> 346 | CT45: 820 | CV45: =CU45+CT45-CQ45 -> 334 | CZ45: 1171 | DB45: =DA45+CZ45-CT45 -> 351 | DC45: 320 | DD45: 1195 | DE45: =DD45+DC45-CZ45 -> 344 | DF45: 669 | DH45: =DG45+DF45-DC45 -> 349 | DI45: 1018 | DK45: =DJ45+DI45-DF45 -> 349 | DL45: 155 | DM45: 1200 | DN45: =DM45+DL45-DI45 -> 337 | DO45: 472 | DQ45: =DP45+DO45-DL45 -> 317
A46: 42 | B46: 747 | D46: 332 | E46: ABZ85,DR794Z,DR856Z | F46: ABZ85,DR794Z,DR856Z | G46: ABZ85,DR794Z,DR856Z | H46: ABZ85,DR794Z,DR856Z | I46: DR1073Z,DR856Z | J46: DR1073Z,DR856Z | K46: DR1073Z,DR856Z | L46: DR1073Z,DR856Z | M46: DR1073Z,DR856Z | N46: DR1073Z,DR856Z | O46: DR1073Z,DR856Z | P46: DR1073Z,DR856Z | Q46: DR1073Z,DR856Z | R46: DR1073Z,DR856Z | S46: DR1073Z,DR856Z | T46: DR1073Z,DR856Z | U46: DR1073Z,DR856Z | V46: DR1073Z,DR856Z | W46: DR1073Z,DR856Z | X46: DR1073Z,DR856Z | Y46: DR1073Z,DR856Z | Z46: DR1073Z,DR856Z | AA46: SC-1020 | AB46: SC-1020 | AC46: SC-1020 | AD46: SC-1020 | AE46: SC-1020 | AF46: 1089 | AH46: =AG46+AF46-B46 -> 342 | AI46: 171 | AJ46: 1243 | AK46: =AJ46+AI46-AF46 -> 325 | AO46: 516 | AQ46: =AP46+AO46-AI46 -> 345 | AR46: 231 | AS46: 622 | AT46: =AS46+AR46-AO46 -> 337 | AU46: 574 | AW46: =AV46+AU46-AR46 -> 343 | AX46: 920 | AZ46: =AY46+AX46-AU46 -> 346 | BA46: 65 | BB46: 1200 | BC46: =BB46+BA46-AX46 -> 345 | BD46: 402 | BF46: =BE46+BD46-BA46 -> 337 | BJ46: 741 | BL46: =BK46+BJ46-BD46 -> 339 | BM46: 83 | BN46: 996 | BO46: =BN46+BM46-BJ46 -> 338 | BP46: 429 | BR46: =BQ46+BP46-BM46 -> 346 | BS46: 746 | BU46: =BT46+BS46-BP46 -> 317 | BV46: 1093 | BX46: =BW46+BV46-BS46 -> 347 | BY46: 258 | BZ46: 1164 | CA46: =BZ46+BY46-BV46 -> 329 | CE46: 603 | CG46: =CF46+CE46-BY46 -> 345 | CH46: 948 | CJ46: =CI46+CH46-CE46 -> 345 | CK46: 90 | CL46: 1200 | CM46: =CL46+CK46-CH46 -> 342 | CN46: 440 | CP46: =CO46+CN46-CK46 -> 350 | CQ46: 787 | CS46: =CR46+CQ46-CN46 -> 347 | CT46: 1123 | CV46: =CU46+CT46-CQ46 -> 336 | CZ46: 0 | DA46: 1348 | DB46: =DA46+CZ46-CT46 -> 225 | DC46: 252 | DE46: =DD46+DC46-CZ46 -> 252 | DF46: 610 | DH46: =DG46+DF46-DC46 -> 358 | DI46: 969 | DK46: =DJ46+DI46-DF46 -> 359 | DL46: 15 | DM46: 1305 | DN46: =DM46+DL46-DI46 -> 351 | DO46: 340 | DQ46: =DP46+DO46-DL46 -> 325
A47: 43 | B47: 243 | C47: 1577 | D47: 376 | E47: 011-3 | F47: 011-3 | G47: 011-3 | H47: 011-3 | I47: 011-3 | J47: 011-3 | K47: 011-3 | L47: 011-3 | M47: 011-3 | N47: 011-3 | O47: 011-3 | P47: 011-3 | Q47: 011-3 | R47: 011-3 | S47: 011-3 | T47: 011-3 | U47: 011-3 | V47: 011-3 | W47: RD225Z,DR1074Z | X47: RD225Z,DR1074Z | Y47: RD225Z,DR1074Z | Z47: RD225Z,DR1074Z | AA47: RD225Z,DR1074Z | AB47: RD225Z,DR1074Z | AC47: RD225Z,DR1074Z | AD47: RD225Z,DR1074Z | AE47: RD225Z,DR1074Z | AF47: 617 | AH47: =AG47+AF47-B47 -> 374 | AI47: 980 | AK47: =AJ47+AI47-AF47 -> 363 | AO47: 1357 | AQ47: =AP47+AO47-AI47 -> 377 | AR47: 178 | AS47: 1560 | AT47: =AS47+AR47-AO47 -> 381 | AU47: 557 | AW47: =AV47+AU47-AR47 -> 379 | AX47: 935 | AZ47: =AY47+AX47-AU47 -> 378 | BA47: 1318 | BC47: =BB47+BA47-AX47 -> 383 | BD47: 128 | BE47: 1560 | BF47: =BE47+BD47-BA47 -> 370 | BJ47: 511 | BL47: =BK47+BJ47-BD47 -> 383 | BM47: 887 | BO47: =BN47+BM47-BJ47 -> 376 | BP47: 1269 | BR47: =BQ47+BP47-BM47 -> 382 | BS47: 75 | BT47: 1566 | BU47: =BT47+BS47-BP47 -> 372 | BV47: 459 | BX47: =BW47+BV47-BS47 -> 384 | BY47: 822 | CA47: =BZ47+BY47-BV47 -> 363 | CE47: 1202 | CG47: =CF47+CE47-BY47 -> 380 | CH47: 1292 | CJ47: =CI47+CH47-CE47 -> 90 | CK47: 0 | CL47: 1614 | CM47: =CL47+CK47-CH47 -> 322 | CN47: 292 | CP47: =CO47+CN47-CK47 -> 292 | CQ47: 641 | CS47: =CR47+CQ47-CN47 -> 349 | CT47: 968 | CV47: =CU47+CT47-CQ47 -> 327 | CZ47: 119 | DA47: 1200 | DB47: =DA47+CZ47-CT47 -> 351 | DC47: 462 | DE47: =DD47+DC47-CZ47 -> 343 | DF47: 809 | DH47: =DG47+DF47-DC47 -> 347 | DI47: 1159 | DK47: =DJ47+DI47-DF47 -> 350 | DL47: 304 | DM47: 1200 | DN47: =DM47+DL47-DI47 -> 345 | DO47: 616 | DQ47: =DP47+DO47-DL47 -> 312
A48: 44 | B48: 296 | C48: 1560 | D48: 374 | E48: SC-1020 | F48: SC-1020 | G48: SC-1020 | H48: SC-1020 | I48: SC-1020 | J48: SC-1020 | K48: SC-1020 | L48: SC-1020 | M48: SC-1020 | N48: SC-1020 | O48: SC-1020 | P48: SC-1020 | Q48: SC-1020 | R48: SC-1020 | S48: SC-1020 | T48: SC-1020 | U48: SC-1020 | V48: SC-1020 | W48: RD225Z,DR1074Z | X48: RD225Z,DR1074Z | Y48: RD225Z,DR1074Z | Z48: RD225Z,DR1074Z | AA48: RD225Z,DR1074Z | AB48: RD225Z,DR1074Z | AC48: RD225Z,DR1074Z | AD48: RD225Z,DR1074Z | AE48: RD225Z,DR1074Z | AF48: 666 | AH48: =AG48+AF48-B48 -> 370 | AI48: 12 | AJ48: 998 | AK48: =AJ48+AI48-AF48 -> 344 | AO48: 378 | AQ48: =AP48+AO48-AI48 -> 366 | AR48: 708 | AT48: =AS48+AR48-AO48 -> 330 | AU48: 1075 | AW48: =AV48+AU48-AR48 -> 367 | AX48: 1447 | AZ48: =AY48+AX48-AU48 -> 372 | BA48: 239 | BB48: 1560 | BC48: =BB48+BA48-AX48 -> 352 | BD48: 585 | BF48: =BE48+BD48-BA48 -> 346 | BJ48: 962 | BL48: =BK48+BJ48-BD48 -> 377 | BM48: 1334 | BO48: =BN48+BM48-BJ48 -> 372 | BP48: 162 | BQ48: 1545 | BR48: =BQ48+BP48-BM48 -> 373 | BS48: 521 | BU48: =BT48+BS48-BP48 -> 359 | BV48: 896 | BX48: =BW48+BV48-BS48 -> 375 | BY48: 1238 | CA48: =BZ48+BY48-BV48 -> 342 | CE48: 45 | CF48: 1560 | CG48: =CF48+CE48-BY48 -> 367 | CH48: 415 | CJ48: =CI48+CH48-CE48 -> 370 | CK48: 0 | CL48: 648 | CM48: =CL48+CK48-CH48 -> 233 | CN48: 269 | CP48: =CO48+CN48-CK48 -> 269 | CQ48: 612 | CS48: =CR48+CQ48-CN48 -> 343 | CT48: 939 | CV48: =CU48+CT48-CQ48 -> 327 | CZ48: 87 | DA48: 1200 | DB48: =DA48+CZ48-CT48 -> 348 | DC48: 432 | DE48: =DD48+DC48-CZ48 -> 345 | DF48: 777 | DH48: =DG48+DF48-DC48 -> 345 | DI48: 1122 | DK48: =DJ48+DI48-DF48 -> 345 | DL48: 254 | DM48: 1210 | DN48: =DM48+DL48-DI48 -> 342 | DO48: 569 | DQ48: =DP48+DO48-DL48 -> 315
A49: 45 | B49: 1226 | D49: 347 | E49: SC-1020 | F49: SC-1020 | G49: SC-1020 | H49: SC-1020 | I49: SC-1020 | J49: SC-1020 | K49: SC-1020 | L49: SC-1020 | M49: SC-1020 | N49: SC-1020 | O49: SC-1020 | P49: SC-1020 | Q49: SC-1020 | R49: SC-1020 | S49: SC-1020 | T49: SC-1020 | U49: SC-1020 | V49: SC-1020 | W49: RD225Z,DR1074Z | X49: RD225Z,DR1074Z | Y49: RD225Z,DR1074Z | Z49: RD225Z,DR1074Z | AA49: RD225Z,DR1074Z | AB49: RD225Z,DR1074Z | AC49: RD225Z,DR1074Z | AD49: RD225Z,DR1074Z | AE49: RD225Z,DR1074Z | AF49: 39 | AG49: 1561 | AH49: =AG49+AF49-B49 -> 374 | AI49: 381 | AK49: =AJ49+AI49-AF49 -> 342 | AO49: 759 | AQ49: =AP49+AO49-AI49 -> 378 | AR49: 1133 | AT49: =AS49+AR49-AO49 -> 374 | AU49: 1484 | AW49: =AV49+AU49-AR49 -> 351 | AX49: 302 | AY49: 1560 | AZ49: =AY49+AX49-AU49 -> 378 | BA49: 677 | BC49: =BB49+BA49-AX49 -> 375 | BD49: 1 | BE49: 1019 | BF49: =BE49+BD49-BA49 -> 343 | BJ49: 373 | BL49: =BK49+BJ49-BD49 -> 372 | BM49: 741 | BO49: =BN49+BM49-BJ49 -> 368 | BP49: 1111 | BR49: =BQ49+BP49-BM49 -> 370 | BS49: 1486 | BU49: =BT49+BS49-BP49 -> 375 | BV49: 304 | BW49: 1560 | BX49: =BW49+BV49-BS49 -> 378 | BY49: 189 | BZ49: 431 | CA49: =BZ49+BY49-BV49 -> 316 | CE49: 555 | CG49: =CF49+CE49-BY49 -> 366 | CH49: 920 | CJ49: =CI49+CH49-CE49 -> 365 | CK49: 0 | CL49: 1134 | CM49: =CL49+CK49-CH49 -> 214 | CN49: 252 | CP49: =CO49+CN49-CK49 -> 252 | CQ49: 584 | CS49: =CR49+CQ49-CN49 -> 332 | CT49: 121 | CU49: 787 | CV49: =CU49+CT49-CQ49 -> 324 | CZ49: 469 | DB49: =DA49+CZ49-CT49 -> 348 | DC49: 815 | DE49: =DD49+DC49-CZ49 -> 346 | DF49: 1163 | DH49: =DG49+DF49-DC49 -> 348 | DI49: 301 | DJ49: 1200 | DK49: =DJ49+DI49-DF49 -> 338 | DL49: 648 | DN49: =DM49+DL49-DI49 -> 347 | DO49: 963 | DQ49: =DP49+DO49-DL49 -> 315
A50: 46 | B50: 761 | D50: 373 | E50: SC-1020 | F50: SC-1020 | G50: SC-1020 | H50: SC-1020 | I50: SC-1020 | J50: SC-1020 | K50: SC-1020 | L50: SC-1020 | M50: SC-1020 | N50: SC-1020 | O50: SC-1020 | P50: SC-1020 | Q50: SC-1020 | R50: RD225Z,DR1074Z | S50: RD225Z,DR1074Z | T50: RD225Z,DR1074Z | U50: RD225Z,DR1074Z | V50: RD225Z,DR1074Z | W50: RD225Z,DR1074Z | X50: RD225Z,DR1074Z | Y50: RD225Z,DR1074Z | Z50: RD225Z,DR1074Z | AA50: RD225Z,DR1074Z | AB50: RD225Z,DR1074Z | AC50: RD225Z,DR1074Z | AD50: RD225Z,DR1074Z | AE50: RD225Z,DR1074Z | AF50: 1135 | AH50: =AG50+AF50-B50 -> 374 | AI50: 1491 | AK50: =AJ50+AI50-AF50 -> 356 | AO50: 307 | AP50: 1560 | AQ50: =AP50+AO50-AI50 -> 376 | AR50: 673 | AT50: =AS50+AR50-AO50 -> 366 | AU50: 1044 | AW50: =AV50+AU50-AR50 -> 371 | AX50: 1419 | AZ50: =AY50+AX50-AU50 -> 375 | BA50: 231 | BB50: 1560 | BC50: =BB50+BA50-AX50 -> 372 | BD50: 593 | BF50: =BE50+BD50-BA50 -> 362 | BJ50: 964 | BL50: =BK50+BJ50-BD50 -> 371 | BM50: 1335 | BO50: =BN50+BM50-BJ50 -> 371 | BP50: 198 | BQ50: 1510 | BR50: =BQ50+BP50-BM50 -> 373 | BS50: 0 | BT50: 512 | BU50: =BT50+BS50-BP50 -> 314 | BV50: 294 | BX50: =BW50+BV50-BS50 -> 294 | BY50: 612 | CA50: =BZ50+BY50-BV50 -> 318 | CE50: 336 | CF50: 612 | CG50: =CF50+CE50-BY50 -> 336 | CH50: 681 | CJ50: =CI50+CH50-CE50 -> 345 | CK50: 1027 | CM50: =CL50+CK50-CH50 -> 346 | CN50: 335 | CO50: 1037 | CP50: =CO50+CN50-CK50 -> 345 | CQ50: 679 | CS50: =CR50+CQ50-CN50 -> 344 | CT50: 1010 | CV50: =CU50+CT50-CQ50 -> 331 | CZ50: 153 | DA50: 1200 | DB50: =DA50+CZ50-CT50 -> 343 | DC50: 495 | DE50: =DD50+DC50-CZ50 -> 342 | DF50: 840 | DH50: =DG50+DF50-DC50 -> 345 | DI50: 57 | DJ50: 1124 | DK50: =DJ50+DI50-DF50 -> 341 | DL50: 399 | DN50: =DM50+DL50-DI50 -> 342 | DO50: 310 | DP50: 401 | DQ50: =DP50+DO50-DL50 -> 312
A51: 47 | B51: 236 | C51: 1214 | D51: 369 | E51: SC-1020 | F51: SC-1020 | G51: SC-1020 | H51: SC-1020 | I51: SC-1020 | J51: SC-1020 | K51: SC-1020 | L51: SC-1020 | M51: SC-1020 | N51: SC-1020 | O51: SC-1020 | P51: SC-1020 | Q51: SC-1020 | R51: SC-1020 | S51: SC-1020 | T51: SC-1020 | U51: SC-1020 | V51: SC-1020 | W51: 011-4 | X51: 011-4 | Y51: 011-4 | Z51: 011-4 | AA51: 011-4 | AB51: 011-4 | AC51: 011-4 | AD51: 011-4 | AE51: 011-4 | AF51: 615 | AH51: =AG51+AF51-B51 -> 379 | AI51: 953 | AK51: =AJ51+AI51-AF51 -> 338 | AO51: 96 | AP51: 1178 | AQ51: =AP51+AO51-AI51 -> 321 | AR51: 474 | AT51: =AS51+AR51-AO51 -> 378 | AU51: 847 | AW51: =AV51+AU51-AR51 -> 373 | AX51: 1223 | AZ51: =AY51+AX51-AU51 -> 376 | BA51: 36 | BB51: 1560 | BC51: =BB51+BA51-AX51 -> 373 | BD51: 391 | BF51: =BE51+BD51-BA51 -> 355 | BJ51: 768 | BL51: =BK51+BJ51-BD51 -> 377 | BM51: 1128 | BO51: =BN51+BM51-BJ51 -> 360 | BP51: 1502 | BR51: =BQ51+BP51-BM51 -> 374 | BS51: 311 | BT51: 1560 | BU51: =BT51+BS51-BP51 -> 369 | BV51: 689 | BX51: =BW51+BV51-BS51 -> 378 | BY51: 1042 | CA51: =BZ51+BY51-BV51 -> 353 | CE51: 1411 | CG51: =CF51+CE51-BY51 -> 369 | CH51: 224 | CI51: 1560 | CJ51: =CI51+CH51-CE51 -> 373 | CK51: 589 | CM51: =CL51+CK51-CH51 -> 365 | CN51: 6 | CO51: 703 | CP51: =CO51+CN51-CK51 -> 120 | CQ51: 374 | CS51: =CR51+CQ51-CN51 -> 368 | CT51: 721 | CV51: =CU51+CT51-CQ51 -> 347 | CZ51: 1098 | DB51: =DA51+CZ51-CT51 -> 377 | DC51: 1470 | DE51: =DD51+DC51-CZ51 -> 372 | DF51: 276 | DG51: 1560 | DH51: =DG51+DF51-DC51 -> 366 | DI51: 359 | DJ51: 277 | DK51: =DJ51+DI51-DF51 -> 360 | DL51: 729 | DN51: =DM51+DL51-DI51 -> 370 | DO51: 1066 | DQ51: =DP51+DO51-DL51 -> 337
A52: 48 | B52: 363 | D52: 331 | E52: DR1073Z,DR856Z | F52: DR1073Z,DR856Z | G52: DR1073Z,DR856Z | H52: DR1073Z,DR856Z | I52: DR1073Z,DR856Z | J52: DR1073Z,DR856Z | K52: DR1073Z,DR856Z | L52: DR1073Z,DR856Z | M52: DR1073Z,DR856Z | N52: DR1073Z,DR856Z | O52: DR1073Z,DR856Z | P52: DR1073Z,DR856Z | Q52: DR1073Z,DR856Z | R52: DR1073Z,DR856Z | S52: DR1073Z,DR856Z | T52: DR1073Z,DR856Z | U52: DR1073Z,DR856Z | V52: DR1073Z,DR856Z | W52: DR1073Z,DR856Z | X52: DR1073Z,DR856Z | Y52: DR1073Z,DR856Z | Z52: DR1073Z,DR856Z | AA52: RD225Z,DR1074Z | AB52: RD225Z,DR1074Z | AC52: RD225Z,DR1074Z | AD52: RD225Z,DR1074Z | AE52: RD225Z,DR1074Z | AF52: 712 | AH52: =AG52+AF52-B52 -> 349 | AI52: 1039 | AK52: =AJ52+AI52-AF52 -> 327 | AO52: 184 | AP52: 1200 | AQ52: =AP52+AO52-AI52 -> 345 | AR52: 524 | AT52: =AS52+AR52-AO52 -> 340 | AU52: 860 | AW52: =AV52+AU52-AR52 -> 336 | AX52: 6 | AY52: 1200 | AZ52: =AY52+AX52-AU52 -> 346 | BA52: 321 | BC52: =BB52+BA52-AX52 -> 315 | BD52: 656 | BF52: =BE52+BD52-BA52 -> 335 | BJ52: 1005 | BL52: =BK52+BJ52-BD52 -> 349 | BM52: 0 | BN52: 1137 | BO52: =BN52+BM52-BJ52 -> 132 | BP52: 334 | BR52: =BQ52+BP52-BM52 -> 334 | BS52: 683 | BU52: =BT52+BS52-BP52 -> 349 | BV52: 1032 | BX52: =BW52+BV52-BS52 -> 349 | BY52: 163 | BZ52: 1200 | CA52: =BZ52+BY52-BV52 -> 331 | CE52: 507 | CG52: =CF52+CE52-BY52 -> 344 | CH52: 852 | CJ52: =CI52+CH52-CE52 -> 345 | CK52: 1199 | CM52: =CL52+CK52-CH52 -> 347 | CN52: 350 | CO52: 1200 | CP52: =CO52+CN52-CK52 -> 351 | CQ52: 696 | CS52: =CR52+CQ52-CN52 -> 346 | CT52: 1029 | CV52: =CU52+CT52-CQ52 -> 333 | CZ52: 1374 | DB52: =DA52+CZ52-CT52 -> 345 | DC52: 234 | DD52: 1375 | DE52: =DD52+DC52-CZ52 -> 235 | DF52: 581 | DH52: =DG52+DF52-DC52 -> 347 | DI52: 931 | DK52: =DJ52+DI52-DF52 -> 350 | DL52: 78 | DM52: 1200 | DN52: =DM52+DL52-DI52 -> 347 | DO52: 396 | DQ52: =DP52+DO52-DL52 -> 318
A53: 49 | B53: 324 | D53: 324 | E53: SC-1020 | F53: SC-1020 | G53: SC-1020 | H53: SC-1020 | I53: SC-1020 | J53: SC-1020 | K53: SC-1020 | L53: SC-1020 | M53: SC-1020 | N53: DR1073Z,DR856Z | O53: DR1073Z,DR856Z | P53: DR1073Z,DR856Z | Q53: DR1073Z,DR856Z | R53: DR1073Z,DR856Z | S53: DR1073Z,DR856Z | T53: DR1073Z,DR856Z | U53: DR1073Z,DR856Z | V53: DR1073Z,DR856Z | W53: DR1073Z,DR856Z | X53: DR1073Z,DR856Z | Y53: RD225Z,DR1074Z | Z53: RD225Z,DR1074Z | AA53: RD225Z,DR1074Z | AB53: RD225Z,DR1074Z | AC53: RD225Z,DR1074Z | AD53: RD225Z,DR1074Z | AE53: RD225Z,DR1074Z | AF53: 704 | AH53: =AG53+AF53-B53 -> 380 | AI53: 1061 | AK53: =AJ53+AI53-AF53 -> 357 | AO53: 1437 | AQ53: =AP53+AO53-AI53 -> 376 | AR53: 253 | AS53: 1560 | AT53: =AS53+AR53-AO53 -> 376 | AU53: 624 | AW53: =AV53+AU53-AR53 -> 371 | AX53: 1001 | AZ53: =AY53+AX53-AU53 -> 377 | BA53: 1356 | BC53: =BB53+BA53-AX53 -> 355 | BD53: 0 | BE53: 1560 | BF53: =BE53+BD53-BA53 -> 204 | BJ53: 304 | BL53: =BK53+BJ53-BD53 -> 304 | BM53: 643 | BO53: =BN53+BM53-BJ53 -> 339 | BP53: 989 | BR53: =BQ53+BP53-BM53 -> 346 | BS53: 135 | BT53: 1200 | BU53: =BT53+BS53-BP53 -> 346 | BV53: 484 | BX53: =BW53+BV53-BS53 -> 349 | BY53: 813 | CA53: =BZ53+BY53-BV53 -> 329 | CE53: 1158 | CG53: =CF53+CE53-BY53 -> 345 | CH53: 309 | CI53: 1200 | CJ53: =CI53+CH53-CE53 -> 351 | CK53: 657 | CM53: =CL53+CK53-CH53 -> 348 | CN53: 1005 | CP53: =CO53+CN53-CK53 -> 348 | CQ53: 0 | CR53: =1110+242 -> 1352 | CS53: =CR53+CQ53-CN53 -> 347 | CT53: 298 | CV53: =CU53+CT53-CQ53 -> 298 | CZ53: 648 | DB53: =DA53+CZ53-CT53 -> 350 | DC53: 989 | DE53: =DD53+DC53-CZ53 -> 341 | DF53: 137 | DG53: 1200 | DH53: =DG53+DF53-DC53 -> 348 | DI53: 485 | DK53: =DJ53+DI53-DF53 -> 348 | DL53: 832 | DN53: =DM53+DL53-DI53 -> 347 | DO53: 1148 | DQ53: =DP53+DO53-DL53 -> 316
A54: 50 | B54: 535 | D54: 362 | E54: SC-1020 | F54: SC-1020 | G54: SC-1020 | H54: SC-1020 | I54: SC-1020 | J54: SC-1020 | K54: DR1073Z,DR856Z | L54: DR1073Z,DR856Z | M54: DR1073Z,DR856Z | N54: DR1073Z,DR856Z | O54: DR1073Z,DR856Z | P54: DR1073Z,DR856Z | Q54: DR1073Z,DR856Z | R54: DR1073Z,DR856Z | S54: DR1073Z,DR856Z | T54: DR1073Z,DR856Z | U54: DR1073Z,DR856Z | V54: RD225Z,DR1074Z | W54: RD225Z,DR1074Z | X54: RD225Z,DR1074Z | Y54: RD225Z,DR1074Z | Z54: RD225Z,DR1074Z | AA54: RD225Z,DR1074Z | AB54: RD225Z,DR1074Z | AC54: RD225Z,DR1074Z | AD54: RD225Z,DR1074Z | AE54: RD225Z,DR1074Z | AF54: 901 | AH54: =AG54+AF54-B54 -> 366 | AI54: 1252 | AK54: =AJ54+AI54-AF54 -> 351 | AO54: 59 | AP54: 1560 | AQ54: =AP54+AO54-AI54 -> 367 | AR54: 436 | AT54: =AS54+AR54-AO54 -> 377 | AU54: 0 | AV54: 716 | AW54: =AV54+AU54-AR54 -> 280 | AX54: 273 | AZ54: =AY54+AX54-AU54 -> 273 | BA54: 166 | BB54: =288+148 -> 436 | BC54: =BB54+BA54-AX54 -> 329 | BD54: 500 | BF54: =BE54+BD54-BA54 -> 334 | BJ54: 848 | BL54: =BK54+BJ54-BD54 -> 348 | BM54: 327 | BN54: 859 | BO54: =BN54+BM54-BJ54 -> 338 | BP54: 11 | BQ54: 654 | BR54: =BQ54+BP54-BM54 -> 338 | BS54: 354 | BU54: =BT54+BS54-BP54 -> 343 | BV54: 702 | BX54: =BW54+BV54-BS54 -> 348 | BY54: 82 | BZ54: 950 | CA54: =BZ54+BY54-BV54 -> 330 | CE54: 419 | CG54: =CF54+CE54-BY54 -> 337 | CH54: 761 | CJ54: =CI54+CH54-CE54 -> 342 | CK54: 222 | CL54: 873 | CM54: =CL54+CK54-CH54 -> 334 | CN54: 571 | CP54: =CO54+CN54-CK54 -> 349 | CQ54: 920 | CS54: =CR54+CQ54-CN54 -> 349 | CT54: 222 | CU54: 1029 | CV54: =CU54+CT54-CQ54 -> 331 | CZ54: 565 | DB54: =DA54+CZ54-CT54 -> 343 | DC54: 911 | DE54: =DD54+DC54-CZ54 -> 346 | DF54: 37 | DG54: 1210 | DH54: =DG54+DF54-DC54 -> 336 | DI54: 376 | DK54: =DJ54+DI54-DF54 -> 339 | DL54: 722 | DN54: =DM54+DL54-DI54 -> 346 | DO54: 1036 | DQ54: =DP54+DO54-DL54 -> 314
A55: 51 | B55: 905 | D55: 329 | E55: DR1073Z,DR856Z | F55: DR1073Z,DR856Z | G55: DR1073Z,DR856Z | H55: DR1073Z,DR856Z | I55: DR1073Z,DR856Z | J55: DR1073Z,DR856Z | K55: DR1073Z,DR856Z | L55: DR1073Z,DR856Z | M55: DR1073Z,DR856Z | N55: DR1073Z,DR856Z | O55: DR1073Z,DR856Z | P55: DR1073Z,DR856Z | Q55: DR1073Z,DR856Z | R55: DR1073Z,DR856Z | S55: DR1073Z,DR856Z | T55: DR1073Z,DR856Z | U55: RD225Z,DR1074Z | V55: RD225Z,DR1074Z | W55: RD225Z,DR1074Z | X55: RD225Z,DR1074Z | Y55: RD225Z,DR1074Z | Z55: RD225Z,DR1074Z | AA55: RD225Z,DR1074Z | AB55: RD225Z,DR1074Z | AC55: RD225Z,DR1074Z | AD55: RD225Z,DR1074Z | AE55: RD225Z,DR1074Z | AF55: 50 | AG55: 1200 | AH55: =AG55+AF55-B55 -> 345 | AI55: 378 | AK55: =AJ55+AI55-AF55 -> 328 | AO55: 725 | AQ55: =AP55+AO55-AI55 -> 347 | AR55: 1073 | AT55: =AS55+AR55-AO55 -> 348 | AU55: 216 | AV55: 1200 | AW55: =AV55+AU55-AR55 -> 343 | AX55: 558 | AZ55: =AY55+AX55-AU55 -> 342 | BA55: 906 | BC55: =BB55+BA55-AX55 -> 348 | BD55: 38 | BE55: 1200 | BF55: =BE55+BD55-BA55 -> 332 | BJ55: 387 | BL55: =BK55+BJ55-BD55 -> 349 | BM55: 731 | BO55: =BN55+BM55-BJ55 -> 344 | BP55: 1080 | BR55: =BQ55+BP55-BM55 -> 349 | BS55: 217 | BT55: 1200 | BU55: =BT55+BS55-BP55 -> 337 | BV55: 559 | BX55: =BW55+BV55-BS55 -> 342 | BY55: 892 | CA55: =BZ55+BY55-BV55 -> 333 | CE55: 0 | CF55: 1107 | CG55: =CF55+CE55-BY55 -> 215 | CH55: 319 | CJ55: =CI55+CH55-CE55 -> 319 | CK55: 656 | CM55: =CL55+CK55-CH55 -> 337 | CN55: 1005 | CP55: =CO55+CN55-CK55 -> 349 | CQ55: 173 | CR55: 1178 | CS55: =CR55+CQ55-CN55 -> 346 | CT55: 495 | CV55: =CU55+CT55-CQ55 -> 322 | CZ55: 840 | DB55: =DA55+CZ55-CT55 -> 345 | DC55: 1185 | DE55: =DD55+DC55-CZ55 -> 345 | DF55: 321 | DG55: 1200 | DH55: =DG55+DF55-DC55 -> 336 | DI55: 671 | DK55: =DJ55+DI55-DF55 -> 350 | DL55: 1014 | DN55: =DM55+DL55-DI55 -> 343 | DO55: 131 | DP55: 1200 | DQ55: =DP55+DO55-DL55 -> 317
A56: 52 | B56: 907 | D56: 331 | E56: DR1073Z,DR856Z | F56: DR1073Z,DR856Z | G56: DR1073Z,DR856Z | H56: DR1073Z,DR856Z | I56: DR1073Z,DR856Z | J56: DR1073Z,DR856Z | K56: DR1073Z,DR856Z | L56: DR1073Z,DR856Z | M56: DR1073Z,DR856Z | N56: DR1073Z,DR856Z | O56: DR1073Z,DR856Z | P56: DR1073Z,DR856Z | Q56: DR1073Z,DR856Z | R56: DR1073Z,DR856Z | S56: DR1073Z,DR856Z | T56: DR1073Z,DR856Z | U56: RD225Z,DR1074Z | V56: RD225Z,DR1074Z | W56: RD225Z,DR1074Z | X56: RD225Z,DR1074Z | Y56: RD225Z,DR1074Z | Z56: RD225Z,DR1074Z | AA56: RD225Z,DR1074Z | AB56: RD225Z,DR1074Z | AC56: RD225Z,DR1074Z | AD56: RD225Z,DR1074Z | AE56: RD225Z,DR1074Z | AF56: 55 | AG56: 1200 | AH56: =AG56+AF56-B56 -> 348 | AI56: 387 | AK56: =AJ56+AI56-AF56 -> 332 | AO56: 737 | AQ56: =AP56+AO56-AI56 -> 350 | AR56: 1084 | AT56: =AS56+AR56-AO56 -> 347 | AU56: 231 | AV56: 1200 | AW56: =AV56+AU56-AR56 -> 347 | AX56: 579 | AZ56: =AY56+AX56-AU56 -> 348 | BA56: 927 | BC56: =BB56+BA56-AX56 -> 348 | BD56: 58 | BE56: 1200 | BF56: =BE56+BD56-BA56 -> 331 | BJ56: 409 | BL56: =BK56+BJ56-BD56 -> 351 | BM56: 736 | BO56: =BN56+BM56-BJ56 -> 327 | BP56: 1082 | BR56: =BQ56+BP56-BM56 -> 346 | BS56: 231 | BT56: 1200 | BU56: =BT56+BS56-BP56 -> 349 | BV56: 582 | BX56: =BW56+BV56-BS56 -> 351 | BY56: 909 | CA56: =BZ56+BY56-BV56 -> 327 | CE56: 0 | CF56: 1089 | CG56: =CF56+CE56-BY56 -> 180 | CH56: 317 | CJ56: =CI56+CH56-CE56 -> 317 | CK56: 664 | CM56: =CL56+CK56-CH56 -> 347 | CN56: 1013 | CP56: =CO56+CN56-CK56 -> 349 | CQ56: 315 | CR56: 1042 | CS56: =CR56+CQ56-CN56 -> 344 | CT56: 649 | CV56: =CU56+CT56-CQ56 -> 334 | CZ56: 1000 | DB56: =DA56+CZ56-CT56 -> 351 | DC56: 146 | DD56: 1200 | DE56: =DD56+DC56-CZ56 -> 346 | DF56: 492 | DH56: =DG56+DF56-DC56 -> 346 | DI56: 831 | DK56: =DJ56+DI56-DF56 -> 339 | DL56: 1169 | DN56: =DM56+DL56-DI56 -> 338 | DO56: 278 | DP56: 1200 | DQ56: =DP56+DO56-DL56 -> 309
A57: 53 | B57: 49 | C57: 1200 | D57: 312 | E57: ABZ85,DR794Z,DR856Z | F57: ABZ85,DR794Z,DR856Z | G57: ABZ85,DR794Z,DR856Z | H57: ABZ85,DR794Z,DR856Z | I57: ABZ85,DR794Z,DR856Z | J57: ABZ85,DR794Z,DR856Z | K57: DR1073Z,DR856Z | L57: DR1073Z,DR856Z | M57: DR1073Z,DR856Z | N57: DR1073Z,DR856Z | O57: DR1073Z,DR856Z | P57: DR1073Z,DR856Z | Q57: DR1073Z,DR856Z | R57: DR1073Z,DR856Z | S57: DR1073Z,DR856Z | T57: DR1073Z,DR856Z | U57: DR1073Z,DR856Z | V57: RD225Z,DR1074Z | W57: RD225Z,DR1074Z | X57: RD225Z,DR1074Z | Y57: RD225Z,DR1074Z | Z57: RD225Z,DR1074Z | AA57: RD225Z,DR1074Z | AB57: RD225Z,DR1074Z | AC57: RD225Z,DR1074Z | AD57: RD225Z,DR1074Z | AE57: RD225Z,DR1074Z | AF57: 393 | AH57: =AG57+AF57-B57 -> 344 | AI57: 721 | AK57: =AJ57+AI57-AF57 -> 328 | AO57: 1068 | AQ57: =AP57+AO57-AI57 -> 347 | AR57: 1415 | AT57: =AS57+AR57-AO57 -> 347 | AU57: 0 | AV57: 1612 | AW57: =AV57+AU57-AR57 -> 197 | AX57: 323 | AZ57: =AY57+AX57-AU57 -> 323 | BA57: 668 | BC57: =BB57+BA57-AX57 -> 345 | BD57: 1005 | BF57: =BE57+BD57-BA57 -> 337 | BJ57: 154 | BK57: 1200 | BL57: =BK57+BJ57-BD57 -> 349 | BM57: 501 | BO57: =BN57+BM57-BJ57 -> 347 | BP57: 849 | BR57: =BQ57+BP57-BM57 -> 348 | BS57: 1194 | BU57: =BT57+BS57-BP57 -> 345 | BV57: 344 | BW57: 1200 | BX57: =BW57+BV57-BS57 -> 350 | BY57: 675 | CA57: =BZ57+BY57-BV57 -> 331 | CE57: 1024 | CG57: =CF57+CE57-BY57 -> 349 | CH57: 1371 | CJ57: =CI57+CH57-CE57 -> 347 | CK57: 234 | CL57: 1475 | CM57: =CL57+CK57-CH57 -> 338 | CN57: 579 | CP57: =CO57+CN57-CK57 -> 345 | CQ57: 925 | CS57: =CR57+CQ57-CN57 -> 346 | CT57: 53 | CU57: 1200 | CV57: =CU57+CT57-CQ57 -> 328 | CZ57: 404 | DB57: =DA57+CZ57-CT57 -> 351 | DC57: 748 | DE57: =DD57+DC57-CZ57 -> 344 | DF57: 1097 | DH57: =DG57+DF57-DC57 -> 349 | DI57: 240 | DJ57: 1200 | DK57: =DJ57+DI57-DF57 -> 343 | DL57: 586 | DN57: =DM57+DL57-DI57 -> 346 | DO57: 903 | DQ57: =DP57+DO57-DL57 -> 317
A58: 54 | B58: 1132 | D58: 364 | E58: SC-1020 | F58: SC-1020 | G58: SC-1020 | H58: SC-1020 | I58: SC-1020 | J58: SC-1020 | K58: SC-1020 | L58: SC-1020 | M58: SC-1020 | N58: DR1073Z,DR856Z | O58: DR1073Z,DR856Z | P58: DR1073Z,DR856Z | Q58: DR1073Z,DR856Z | R58: DR1073Z,DR856Z | S58: DR1073Z,DR856Z | T58: DR1073Z,DR856Z | U58: DR1073Z,DR856Z | V58: DR1073Z,DR856Z | W58: DR1073Z,DR856Z | X58: DR1073Z,DR856Z | Y58: DR1073Z,DR856Z | Z58: DR1073Z,DR856Z | AA58: RD225Z,DR1074Z | AB58: RD225Z,DR1074Z | AC58: RD225Z,DR1074Z | AD58: RD225Z,DR1074Z | AE58: RD225Z,DR1074Z | AF58: 1516 | AH58: =AG58+AF58-B58 -> 384 | AI58: 311 | AJ58: 1560 | AK58: =AJ58+AI58-AF58 -> 355 | AO58: 693 | AQ58: =AP58+AO58-AI58 -> 382 | AR58: 1078 | AT58: =AS58+AR58-AO58 -> 385 | AU58: 1455 | AW58: =AV58+AU58-AR58 -> 377 | AX58: 276 | AY58: 1560 | AZ58: =AY58+AX58-AU58 -> 381 | BA58: 657 | BC58: =BB58+BA58-AX58 -> 381 | BD58: 673 | BF58: =BE58+BD58-BA58 -> 16 | BJ58: 299 | BK58: 673 | BL58: =BK58+BJ58-BD58 -> 299 | BM58: 636 | BO58: =BN58+BM58-BJ58 -> 337 | BP58: 171 | BQ58: 808 | BR58: =BQ58+BP58-BM58 -> 343 | BS58: 517 | BU58: =BT58+BS58-BP58 -> 346 | BV58: 858 | BX58: =BW58+BV58-BS58 -> 341 | BY58: 80 | BZ58: 1104 | CA58: =BZ58+BY58-BV58 -> 326 | CE58: 425 | CG58: =CF58+CE58-BY58 -> 345 | CH58: 774 | CJ58: =CI58+CH58-CE58 -> 349 | CK58: 1120 | CM58: =CL58+CK58-CH58 -> 346 | CN58: 337 | CO58: 1125 | CP58: =CO58+CN58-CK58 -> 342 | CQ58: 662 | CS58: =CR58+CQ58-CN58 -> 325 | CT58: 961 | CV58: =CU58+CT58-CQ58 -> 299 | CZ58: 0 | DA58: =1120+157 -> 1277 | DB58: =DA58+CZ58-CT58 -> 316 | DC58: 320 | DE58: =DD58+DC58-CZ58 -> 320 | DF58: 663 | DH58: =DG58+DF58-DC58 -> 343 | DI58: 1007 | DK58: =DJ58+DI58-DF58 -> 344 | DL58: 150 | DM58: 1200 | DN58: =DM58+DL58-DI58 -> 343 | DO58: 454 | DQ58: =DP58+DO58-DL58 -> 304
A59: 55 | B59: 771 | D59: 371 | E59: SC-1020 | F59: SC-1020 | G59: SC-1020 | H59: SC-1020 | I59: SC-1020 | J59: SC-1020 | K59: SC-1020 | L59: SC-1020 | M59: SC-1020 | N59: SC-1020 | O59: SC-1020 | P59: SC-1020 | Q59: SC-1020 | R59: SC-1020 | S59: SC-1020 | T59: SC-1020 | U59: RD225Z,DR1074Z | V59: RD225Z,DR1074Z | W59: RD225Z,DR1074Z | X59: RD225Z,DR1074Z | Y59: RD225Z,DR1074Z | Z59: RD225Z,DR1074Z | AA59: RD225Z,DR1074Z | AB59: RD225Z,DR1074Z | AC59: RD225Z,DR1074Z | AD59: RD225Z,DR1074Z | AE59: RD225Z,DR1074Z | AF59: 229 | AG59: 914 | AH59: =AG59+AF59-B59 -> 372 | AI59: 552 | AK59: =AJ59+AI59-AF59 -> 323 | AO59: 899 | AQ59: =AP59+AO59-AI59 -> 347 | AR59: 1257 | AT59: =AS59+AR59-AO59 -> 358 | AU59: 46 | AV59: 1576 | AW59: =AV59+AU59-AR59 -> 365 | AX59: 416 | AZ59: =AY59+AX59-AU59 -> 370 | BA59: 785 | BC59: =BB59+BA59-AX59 -> 369 | BD59: 1137 | BF59: =BE59+BD59-BA59 -> 352 | BJ59: 1513 | BL59: =BK59+BJ59-BD59 -> 376 | BM59: 317 | BN59: 1560 | BO59: =BN59+BM59-BJ59 -> 364 | BP59: 685 | BR59: =BQ59+BP59-BM59 -> 368 | BS59: 1056 | BU59: =BT59+BS59-BP59 -> 371 | BV59: 1433 | BX59: =BW59+BV59-BS59 -> 377 | BY59: 207 | BZ59: 1560 | CA59: =BZ59+BY59-BV59 -> 334 | CE59: 0 | CF59: 569 | CG59: =CF59+CE59-BY59 -> 362 | CH59: 293 | CJ59: =CI59+CH59-CE59 -> 293 | CK59: 622 | CM59: =CL59+CK59-CH59 -> 329 | CN59: 955 | CP59: =CO59+CN59-CK59 -> 333 | CQ59: 84 | CR59: 1200 | CS59: =CR59+CQ59-CN59 -> 329 | CT59: 398 | CV59: =CU59+CT59-CQ59 -> 314 | CZ59: 728 | DB59: =DA59+CZ59-CT59 -> 330 | DC59: 1057 | DE59: =DD59+DC59-CZ59 -> 329 | DF59: 202 | DG59: 1200 | DH59: =DG59+DF59-DC59 -> 345 | DI59: 552 | DK59: =DJ59+DI59-DF59 -> 350 | DL59: 900 | DN59: =DM59+DL59-DI59 -> 348 | DO59: 9 | DP59: 1205 | DQ59: =DP59+DO59-DL59 -> 314
A60: 56 | B60: 1013 | D60: 366 | E60: SC-1020 | F60: SC-1020 | G60: SC-1020 | H60: SC-1020 | I60: SC-1020 | J60: SC-1020 | K60: SC-1020 | L60: SC-1020 | M60: SC-1020 | N60: DR1073Z,DR856Z | O60: DR1073Z,DR856Z | P60: DR1073Z,DR856Z | Q60: DR1073Z,DR856Z | R60: DR1073Z,DR856Z | S60: DR1073Z,DR856Z | T60: DR1073Z,DR856Z | U60: DR1073Z,DR856Z | V60: DR1073Z,DR856Z | W60: RD225Z,DR1074Z | X60: RD225Z,DR1074Z | Y60: RD225Z,DR1074Z | Z60: RD225Z,DR1074Z | AA60: RD225Z,DR1074Z | AB60: RD225Z,DR1074Z | AC60: RD225Z,DR1074Z | AD60: RD225Z,DR1074Z | AE60: RD225Z,DR1074Z | AF60: 1388 | AH60: =AG60+AF60-B60 -> 375 | AI60: 178 | AJ60: 1560 | AK60: =AJ60+AI60-AF60 -> 350 | AO60: 550 | AQ60: =AP60+AO60-AI60 -> 372 | AR60: 912 | AT60: =AS60+AR60-AO60 -> 362 | AU60: 1271 | AW60: =AV60+AU60-AR60 -> 359 | AX60: 73 | AY60: 1560 | AZ60: =AY60+AX60-AU60 -> 362 | BA60: 435 | BC60: =BB60+BA60-AX60 -> 362 | BD60: 450 | BF60: =BE60+BD60-BA60 -> 15 | BJ60: 297 | BK60: 450 | BL60: =BK60+BJ60-BD60 -> 297 | BM60: 634 | BO60: =BN60+BM60-BJ60 -> 337 | BP60: 972 | BR60: =BQ60+BP60-BM60 -> 338 | BS60: 111 | BT60: 1200 | BU60: =BT60+BS60-BP60 -> 339 | BV60: 450 | BX60: =BW60+BV60-BS60 -> 339 | BY60: 774 | CA60: =BZ60+BY60-BV60 -> 324 | CE60: 1106 | CG60: =CF60+CE60-BY60 -> 332 | CH60: 239 | CI60: 1200 | CJ60: =CI60+CH60-CE60 -> 333 | CK60: 561 | CM60: =CL60+CK60-CH60 -> 322 | CN60: 251 | CO60: 629 | CP60: =CO60+CN60-CK60 -> 319 | CQ60: 591 | CS60: =CR60+CQ60-CN60 -> 340 | CT60: 271 | CU60: 645 | CV60: =CU60+CT60-CQ60 -> 325 | CZ60: 613 | DB60: =DA60+CZ60-CT60 -> 342 | DC60: 953 | DE60: =DD60+DC60-CZ60 -> 340 | DF60: 90 | DG60: 1200 | DH60: =DG60+DF60-DC60 -> 337 | DI60: 432 | DK60: =DJ60+DI60-DF60 -> 342 | DL60: 772 | DN60: =DM60+DL60-DI60 -> 340 | DO60: 1083 | DQ60: =DP60+DO60-DL60 -> 311
A61: 57 | B61: 1343 | D61: 368 | E61: SC-1020 | F61: SC-1020 | G61: SC-1020 | H61: SC-1020 | I61: SC-1020 | J61: SC-1020 | K61: SC-1020 | L61: SC-1020 | M61: SC-1020 | N61: SC-1020 | O61: SC-1020 | P61: SC-1020 | Q61: SC-1020 | R61: SC-1020 | S61: SC-1020 | T61: RD225Z,DR1074Z | U61: RD225Z,DR1074Z | V61: RD225Z,DR1074Z | W61: RD225Z,DR1074Z | X61: RD225Z,DR1074Z | Y61: RD225Z,DR1074Z | Z61: RD225Z,DR1074Z | AA61: RD225Z,DR1074Z | AB61: RD225Z,DR1074Z | AC61: RD225Z,DR1074Z | AD61: RD225Z,DR1074Z | AE61: RD225Z,DR1074Z | AF61: 349 | AG61: 1364 | AH61: =AG61+AF61-B61 -> 370 | AI61: 696 | AK61: =AJ61+AI61-AF61 -> 347 | AO61: 1073 | AQ61: =AP61+AO61-AI61 -> 377 | AR61: 1442 | AT61: =AS61+AR61-AO61 -> 369 | AU61: 252 | AV61: 1560 | AW61: =AV61+AU61-AR61 -> 370 | AX61: 627 | AZ61: =AY61+AX61-AU61 -> 375 | BA61: 1002 | BC61: =BB61+BA61-AX61 -> 375 | BD61: 15 | BE61: 1341 | BF61: =BE61+BD61-BA61 -> 354 | BJ61: 382 | BL61: =BK61+BJ61-BD61 -> 367 | BM61: 752 | BO61: =BN61+BM61-BJ61 -> 370 | BP61: 1130 | BR61: =BQ61+BP61-BM61 -> 378 | BS61: 1504 | BU61: =BT61+BS61-BP61 -> 374 | BV61: 320 | BW61: 1560 | BX61: =BW61+BV61-BS61 -> 376 | BY61: 0 | BZ61: 476 | CA61: =BZ61+BY61-BV61 -> 156 | CE61: 315 | CG61: =CF61+CE61-BY61 -> 315 | CH61: 654 | CJ61: =CI61+CH61-CE61 -> 339 | CK61: 1001 | CM61: =CL61+CK61-CH61 -> 347 | CN61: 135 | CO61: 1200 | CP61: =CO61+CN61-CK61 -> 334 | CQ61: 484 | CS61: =CR61+CQ61-CN61 -> 349 | CT61: 815 | CV61: =CU61+CT61-CQ61 -> 331 | CZ61: 1165 | DB61: =DA61+CZ61-CT61 -> 350 | DC61: 267 | DD61: 1245 | DE61: =DD61+DC61-CZ61 -> 347 | DF61: 613 | DH61: =DG61+DF61-DC61 -> 346 | DI61: 959 | DK61: =DJ61+DI61-DF61 -> 346 | DL61: 89 | DM61: 1200 | DN61: =DM61+DL61-DI61 -> 330 | DO61: 400 | DQ61: =DP61+DO61-DL61 -> 311
A62: 58 | B62: 263 | C62: 854 | D62: 354 | E62: SC-1020 | F62: SC-1020 | G62: SC-1020 | H62: SC-1020 | I62: SC-1020 | J62: SC-1020 | K62: SC-1020 | L62: SC-1020 | M62: SC-1020 | N62: DR1073Z,DR856Z | O62: DR1073Z,DR856Z | P62: DR1073Z,DR856Z | Q62: DR1073Z,DR856Z | R62: DR1073Z,DR856Z | S62: DR1073Z,DR856Z | T62: DR1073Z,DR856Z | U62: DR1073Z,DR856Z | V62: DR1073Z,DR856Z | W62: DR1073Z,DR856Z | X62: DR1073Z,DR856Z | Y62: DR1073Z,DR856Z | Z62: RD225Z,DR1074Z | AA62: RD225Z,DR1074Z | AB62: RD225Z,DR1074Z | AC62: RD225Z,DR1074Z | AD62: RD225Z,DR1074Z | AE62: RD225Z,DR1074Z | AF62: 636 | AH62: =AG62+AF62-B62 -> 373 | AI62: 998 | AK62: =AJ62+AI62-AF62 -> 362 | AO62: 1374 | AQ62: =AP62+AO62-AI62 -> 376 | AR62: 173 | AS62: 1560 | AT62: =AS62+AR62-AO62 -> 359 | AU62: 532 | AW62: =AV62+AU62-AR62 -> 359 | AX62: 895 | AZ62: =AY62+AX62-AU62 -> 363 | BA62: 1256 | BC62: =BB62+BA62-AX62 -> 361 | BD62: 1272 | BF62: =BE62+BD62-BA62 -> 16 | BJ62: 288 | BK62: 1272 | BL62: =BK62+BJ62-BD62 -> 288 | BM62: 636 | BO62: =BN62+BM62-BJ62 -> 348 | BP62: 988 | BR62: =BQ62+BP62-BM62 -> 352 | BS62: 137 | BT62: 1200 | BU62: =BT62+BS62-BP62 -> 349 | BV62: 487 | BX62: =BW62+BV62-BS62 -> 350 | BY62: 804 | CA62: =BZ62+BY62-BV62 -> 317 | CE62: 1144 | CG62: =CF62+CE62-BY62 -> 340 | CH62: 294 | CI62: 1200 | CJ62: =CI62+CH62-CE62 -> 350 | CK62: 641 | CM62: =CL62+CK62-CH62 -> 347 | CN62: 990 | CP62: =CO62+CN62-CK62 -> 349 | CQ62: 154 | CR62: 1185 | CS62: =CR62+CQ62-CN62 -> 349 | CT62: 487 | CV62: =CU62+CT62-CQ62 -> 333 | CZ62: 245 | DA62: 526 | DB62: =DA62+CZ62-CT62 -> 284 | DC62: 591 | DE62: =DD62+DC62-CZ62 -> 346 | DF62: 940 | DH62: =DG62+DF62-DC62 -> 349 | DI62: 87 | DJ62: 1200 | DK62: =DJ62+DI62-DF62 -> 347 | DL62: 435 | DN62: =DM62+DL62-DI62 -> 348 | DO62: 754 | DQ62: =DP62+DO62-DL62 -> 319
A63: 59 | B63: 642 | D63: 358 | E63: SC-1020 | F63: SC-1020 | G63: SC-1020 | H63: SC-1020 | I63: SC-1020 | J63: SC-1020 | K63: SC-1020 | L63: SC-1020 | M63: SC-1020 | N63: SC-1020 | O63: DR1073Z,DR856Z | P63: DR1073Z,DR856Z | Q63: DR1073Z,DR856Z | R63: DR1073Z,DR856Z | S63: DR1073Z,DR856Z | T63: DR1073Z,DR856Z | U63: DR1073Z,DR856Z | V63: DR1073Z,DR856Z | W63: DR1073Z,DR856Z | X63: DR1073Z,DR856Z | Y63: RD225Z,DR1074Z | Z63: RD225Z,DR1074Z | AA63: RD225Z,DR1074Z | AB63: RD225Z,DR1074Z | AC63: RD225Z,DR1074Z | AD63: RD225Z,DR1074Z | AE63: RD225Z,DR1074Z | AF63: 1009 | AH63: =AG63+AF63-B63 -> 367 | AI63: 18 | AJ63: 1350 | AK63: =AJ63+AI63-AF63 -> 359 | AO63: 391 | AQ63: =AP63+AO63-AI63 -> 373 | AR63: 770 | AT63: =AS63+AR63-AO63 -> 379 | AU63: 1132 | AW63: =AV63+AU63-AR63 -> 362 | AX63: 1505 | AZ63: =AY63+AX63-AU63 -> 373 | BA63: 344 | BB63: 1525 | BC63: =BB63+BA63-AX63 -> 364 | BD63: 704 | BF63: =BE63+BD63-BA63 -> 360 | BJ63: 1080 | BL63: =BK63+BJ63-BD63 -> 376 | BM63: 288 | BN63: 1083 | BO63: =BN63+BM63-BJ63 -> 291 | BP63: 633 | BR63: =BQ63+BP63-BM63 -> 345 | BS63: 977 | BU63: =BT63+BS63-BP63 -> 344 | BV63: 47 | BW63: 1270 | BX63: =BW63+BV63-BS63 -> 340 | BY63: 377 | CA63: =BZ63+BY63-BV63 -> 330 | CE63: 343 | CF63: 379 | CG63: =CF63+CE63-BY63 -> 345 | CH63: 693 | CJ63: =CI63+CH63-CE63 -> 350 | CK63: 1040 | CM63: =CL63+CK63-CH63 -> 347 | CN63: 0 | CO63: 1243 | CP63: =CO63+CN63-CK63 -> 203 | CQ63: 0 | CS63: =CR63+CQ63-CN63 -> 0 | CT63: 298 | CV63: =CU63+CT63-CQ63 -> 298 | CZ63: 645 | DB63: =DA63+CZ63-CT63 -> 347 | DC63: 988 | DE63: =DD63+DC63-CZ63 -> 343 | DF63: 134 | DG63: 1200 | DH63: =DG63+DF63-DC63 -> 346 | DI63: 477 | DK63: =DJ63+DI63-DF63 -> 343 | DL63: 820 | DN63: =DM63+DL63-DI63 -> 343 | DO63: 1137 | DQ63: =DP63+DO63-DL63 -> 317
A64: 60 | B64: 275 | C64: 1560 | D64: 356 | E64: 011-3 | F64: 011-3 | G64: 011-3 | H64: 011-3 | I64: 011-3 | J64: 011-3 | K64: 011-3 | L64: 011-3 | M64: 011-3 | N64: 011-3 | O64: 011-3 | P64: 011-3 | Q64: 011-3 | R64: 011-3 | S64: 011-3 | T64: 011-3 | U64: 011-3 | V64: 011-3 | W64: SC-1020 | X64: SC-1020 | Y64: SC-1020 | Z64: SC-1020 | AA64: SC-1020 | AB64: RD225Z,DR1074Z | AC64: RD225Z,DR1074Z | AD64: RD225Z,DR1074Z | AE64: RD225Z,DR1074Z | AF64: 653 | AH64: =AG64+AF64-B64 -> 378 | AI64: 1013 | AK64: =AJ64+AI64-AF64 -> 360 | AO64: 1387 | AQ64: =AP64+AO64-AI64 -> 374 | AR64: 189 | AS64: 1560 | AT64: =AS64+AR64-AO64 -> 362 | AU64: 555 | AW64: =AV64+AU64-AR64 -> 366 | AX64: 930 | AZ64: =AY64+AX64-AU64 -> 375 | BA64: 1302 | BC64: =BB64+BA64-AX64 -> 372 | BD64: 104 | BE64: 1560 | BF64: =BE64+BD64-BA64 -> 362 | BJ64: 481 | BL64: =BK64+BJ64-BD64 -> 377 | BM64: 852 | BO64: =BN64+BM64-BJ64 -> 371 | BP64: 1229 | BR64: =BQ64+BP64-BM64 -> 377 | BS64: 44 | BT64: 1560 | BU64: =BT64+BS64-BP64 -> 375 | BV64: =319+98 -> 417 | BX64: =BW64+BV64-BS64 -> 373 | BY64: =675+98 -> 773 | CA64: =BZ64+BY64-BV64 -> 356 | CE64: =1045+98 -> 1143 | CG64: =CF64+CE64-BY64 -> 370 | CH64: =1428+98 -> 1526 | CJ64: =CI64+CH64-CE64 -> 383 | CK64: =1787+98 -> 1885 | CM64: =CL64+CK64-CH64 -> 359 | CN64: 5 | CO64: 1910 | CP64: =CO64+CN64-CK64 -> 30 | CQ64: 375 | CS64: =CR64+CQ64-CN64 -> 370 | CT64: 732 | CV64: =CU64+CT64-CQ64 -> 357 | CZ64: 1092 | DB64: =DA64+CZ64-CT64 -> 360 | DC64: 0 | DD64: 1167 | DE64: =DD64+DC64-CZ64 -> 75 | DF64: 251 | DH64: =DG64+DF64-DC64 -> 251 | DI64: 598 | DK64: =DJ64+DI64-DF64 -> 347 | DL64: 946 | DN64: =DM64+DL64-DI64 -> 348 | DO64: 53 | DP64: 1210 | DQ64: =DP64+DO64-DL64 -> 317
A65: 61 | B65: 1118 | D65: 362 | E65: SC-1020 | F65: SC-1020 | G65: SC-1020 | H65: SC-1020 | I65: SC-1020 | J65: SC-1020 | K65: SC-1020 | L65: SC-1020 | M65: SC-1020 | N65: SC-1020 | O65: SC-1020 | P65: SC-1020 | Q65: SC-1020 | R65: SC-1020 | S65: SC-1020 | T65: RD225Z,DR1074Z | U65: RD225Z,DR1074Z | V65: RD225Z,DR1074Z | W65: RD225Z,DR1074Z | X65: RD225Z,DR1074Z | Y65: RD225Z,DR1074Z | Z65: RD225Z,DR1074Z | AA65: RD225Z,DR1074Z | AB65: RD225Z,DR1074Z | AC65: RD225Z,DR1074Z | AD65: RD225Z,DR1074Z | AE65: RD225Z,DR1074Z | AF65: 1498 | AH65: =AG65+AF65-B65 -> 380 | AI65: 292 | AJ65: 1560 | AK65: =AJ65+AI65-AF65 -> 354 | AO65: 672 | AQ65: =AP65+AO65-AI65 -> 380 | AR65: 1050 | AT65: =AS65+AR65-AO65 -> 378 | AU65: 1425 | AW65: =AV65+AU65-AR65 -> 375 | AX65: 243 | AY65: 1560 | AZ65: =AY65+AX65-AU65 -> 378 | BA65: 620 | BC65: =BB65+BA65-AX65 -> 377 | BD65: 986 | BF65: =BE65+BD65-BA65 -> 366 | BJ65: 1365 | BL65: =BK65+BJ65-BD65 -> 379 | BM65: 180 | BN65: 1560 | BO65: =BN65+BM65-BJ65 -> 375 | BP65: 560 | BR65: =BQ65+BP65-BM65 -> 380 | BS65: 938 | BU65: =BT65+BS65-BP65 -> 378 | BV65: 1315 | BX65: =BW65+BV65-BS65 -> 377 | BY65: 0 | BZ65: 1611 | CA65: =BZ65+BY65-BV65 -> 296 | CE65: 80 | CF65: 188 | CG65: =CF65+CE65-BY65 -> 268 | CH65: 425 | CJ65: =CI65+CH65-CE65 -> 345 | CK65: 754 | CM65: =CL65+CK65-CH65 -> 329 | CN65: 1104 | CP65: =CO65+CN65-CK65 -> 350 | CQ65: 252 | CR65: 1200 | CS65: =CR65+CQ65-CN65 -> 348 | CT65: 575 | CV65: =CU65+CT65-CQ65 -> 323 | CZ65: 912 | DB65: =DA65+CZ65-CT65 -> 337 | DC65: 123 | DD65: 1131 | DE65: =DD65+DC65-CZ65 -> 342 | DF65: 148 | DG65: 260 | DH65: =DG65+DF65-DC65 -> 285 | DI65: 483 | DK65: =DJ65+DI65-DF65 -> 335 | DL65: 828 | DN65: =DM65+DL65-DI65 -> 345 | DO65: 1135 | DQ65: =DP65+DO65-DL65 -> 307
A66: 62 | B66: 672 | D66: 368 | E66: SC-1020 | F66: SC-1020 | G66: SC-1020 | H66: SC-1020 | I66: SC-1020 | J66: SC-1020 | K66: SC-1020 | L66: SC-1020 | M66: SC-1020 | N66: SC-1020 | O66: DR1073Z,DR856Z | P66: DR1073Z,DR856Z | Q66: DR1073Z,DR856Z | R66: DR1073Z,DR856Z | S66: DR1073Z,DR856Z | T66: DR1073Z,DR856Z | U66: DR1073Z,DR856Z | V66: DR1073Z,DR856Z | W66: DR1073Z,DR856Z | X66: DR1073Z,DR856Z | Y66: DR1073Z,DR856Z | Z66: DR1073Z,DR856Z | AA66: RD225Z,DR1074Z | AB66: RD225Z,DR1074Z | AC66: RD225Z,DR1074Z | AD66: RD225Z,DR1074Z | AE66: RD225Z,DR1074Z | AF66: 982 | AH66: =AG66+AF66-B66 -> 310 | AI66: 1342 | AK66: =AJ66+AI66-AF66 -> 360 | AO66: 158 | AP66: 1561 | AQ66: =AP66+AO66-AI66 -> 377 | AR66: 522 | AT66: =AS66+AR66-AO66 -> 364 | AU66: 878 | AW66: =AV66+AU66-AR66 -> 356 | AX66: 1240 | AZ66: =AY66+AX66-AU66 -> 362 | BA66: 34 | BB66: 1560 | BC66: =BB66+BA66-AX66 -> 354 | BD66: 380 | BF66: =BE66+BD66-BA66 -> 346 | BJ66: 739 | BL66: =BK66+BJ66-BD66 -> 359 | BM66: 90 | BN66: =742+196 -> 938 | BO66: =BN66+BM66-BJ66 -> 289 | BP66: 424 | BR66: =BQ66+BP66-BM66 -> 334 | BS66: 771 | BU66: =BT66+BS66-BP66 -> 347 | BV66: 1120 | BX66: =BW66+BV66-BS66 -> 349 | BY66: 251 | BZ66: 1200 | CA66: =BZ66+BY66-BV66 -> 331 | CE66: 598 | CG66: =CF66+CE66-BY66 -> 347 | CH66: 948 | CJ66: =CI66+CH66-CE66 -> 350 | CK66: 89 | CL66: 1200 | CM66: =CL66+CK66-CH66 -> 341 | CN66: 438 | CP66: =CO66+CN66-CK66 -> 349 | CQ66: 773 | CS66: =CR66+CQ66-CN66 -> 335 | CT66: 1106 | CV66: =CU66+CT66-CQ66 -> 333 | CZ66: 0 | DA66: 1249 | DB66: =DA66+CZ66-CT66 -> 143 | DC66: 267 | DE66: =DD66+DC66-CZ66 -> 267 | DF66: 614 | DH66: =DG66+DF66-DC66 -> 347 | DI66: 965 | DK66: =DJ66+DI66-DF66 -> 351 | DL66: 111 | DM66: 1200 | DN66: =DM66+DL66-DI66 -> 346 | DO66: 428 | DQ66: =DP66+DO66-DL66 -> 317
A67: 63 | B67: 681 | D67: 373 | E67: SC-1020 | F67: SC-1020 | G67: SC-1020 | H67: SC-1020 | I67: SC-1020 | J67: SC-1020 | K67: SC-1020 | L67: SC-1020 | M67: SC-1020 | N67: DR1073Z,DR856Z | O67: DR1073Z,DR856Z | P67: DR1073Z,DR856Z | Q67: DR1073Z,DR856Z | R67: DR1073Z,DR856Z | S67: DR1073Z,DR856Z | T67: DR1073Z,DR856Z | U67: DR1073Z,DR856Z | V67: DR1073Z,DR856Z | W67: DR1073Z,DR856Z | X67: DR1073Z,DR856Z | Y67: DR1073Z,DR856Z | Z67: RD225Z,DR1074Z | AA67: RD225Z,DR1074Z | AB67: RD225Z,DR1074Z | AC67: RD225Z,DR1074Z | AD67: RD225Z,DR1074Z | AE67: RD225Z,DR1074Z | AF67: 1053 | AH67: =AG67+AF67-B67 -> 372 | AI67: 1402 | AK67: =AJ67+AI67-AF67 -> 349 | AO67: 203 | AP67: 1561 | AQ67: =AP67+AO67-AI67 -> 362 | AR67: 570 | AT67: =AS67+AR67-AO67 -> 367 | AU67: 350 | AV67: 572 | AW67: =AV67+AU67-AR67 -> 352 | AX67: 716 | AZ67: =AY67+AX67-AU67 -> 366 | BA67: 1077 | BC67: =BB67+BA67-AX67 -> 361 | BD67: 1092 | BF67: =BE67+BD67-BA67 -> 15 | BJ67: 263 | BK67: 1092 | BL67: =BK67+BJ67-BD67 -> 263 | BM67: 611 | BO67: =BN67+BM67-BJ67 -> 348 | BP67: 962 | BR67: =BQ67+BP67-BM67 -> 351 | BS67: 30 | BT67: 1280 | BU67: =BT67+BS67-BP67 -> 348 | BV67: 379 | BX67: =BW67+BV67-BS67 -> 349 | BY67: 712 | CA67: =BZ67+BY67-BV67 -> 333 | CE67: 342 | CF67: 718 | CG67: =CF67+CE67-BY67 -> 348 | CH67: 690 | CJ67: =CI67+CH67-CE67 -> 348 | CK67: 1025 | CM67: =CL67+CK67-CH67 -> 335 | CN67: 176 | CO67: 1200 | CP67: =CO67+CN67-CK67 -> 351 | CQ67: 524 | CS67: =CR67+CQ67-CN67 -> 348 | CT67: 851 | CV67: =CU67+CT67-CQ67 -> 327 | CZ67: 294 | DA67: 880 | DB67: =DA67+CZ67-CT67 -> 323 | DC67: 637 | DE67: =DD67+DC67-CZ67 -> 343 | DF67: 981 | DH67: =DG67+DF67-DC67 -> 344 | DI67: 126 | DJ67: 1200 | DK67: =DJ67+DI67-DF67 -> 345 | DL67: 468 | DN67: =DM67+DL67-DI67 -> 342 | DO67: 779 | DQ67: =DP67+DO67-DL67 -> 311
A68: 64 | B68: 703 | D68: 345 | E68: SC-1020 | F68: SC-1020 | G68: SC-1020 | H68: SC-1020 | I68: SC-1020 | J68: SC-1020 | K68: SC-1020 | L68: SC-1020 | M68: SC-1020 | N68: SC-1020 | O68: SC-1020 | P68: SC-1020 | Q68: RD225Z,DR1074Z | R68: RD225Z,DR1074Z | S68: RD225Z,DR1074Z | T68: RD225Z,DR1074Z | U68: RD225Z,DR1074Z | V68: RD225Z,DR1074Z | W68: RD225Z,DR1074Z | X68: RD225Z,DR1074Z | Y68: RD225Z,DR1074Z | Z68: RD225Z,DR1074Z | AA68: RD225Z,DR1074Z | AB68: RD225Z,DR1074Z | AC68: RD225Z,DR1074Z | AD68: RD225Z,DR1074Z | AE68: RD225Z,DR1074Z | AF68: 1071 | AH68: =AG68+AF68-B68 -> 368 | AI68: 1418 | AK68: =AJ68+AI68-AF68 -> 347 | AO68: 222 | AP68: 1561 | AQ68: =AP68+AO68-AI68 -> 365 | AR68: 592 | AT68: =AS68+AR68-AO68 -> 370 | AU68: 963 | AW68: =AV68+AU68-AR68 -> 371 | AX68: 1340 | AZ68: =AY68+AX68-AU68 -> 377 | BA68: 153 | BB68: 1560 | BC68: =BB68+BA68-AX68 -> 373 | BD68: 515 | BF68: =BE68+BD68-BA68 -> 362 | BJ68: 890 | BL68: =BK68+BJ68-BD68 -> 375 | BM68: 1257 | BO68: =BN68+BM68-BJ68 -> 367 | BP68: 0 | BQ68: 1343 | BR68: =BQ68+BP68-BM68 -> 86 | BS68: 310 | BU68: =BT68+BS68-BP68 -> 310 | BV68: 655 | BX68: =BW68+BV68-BS68 -> 345 | BY68: 984 | CA68: =BZ68+BY68-BV68 -> 329 | CE68: 103 | CF68: 1200 | CG68: =CF68+CE68-BY68 -> 319 | CH68: 451 | CJ68: =CI68+CH68-CE68 -> 348 | CK68: 44 | CL68: =556+169 -> 725 | CM68: =CL68+CK68-CH68 -> 318 | CN68: 392 | CP68: =CO68+CN68-CK68 -> 348 | CQ68: 742 | CS68: =CR68+CQ68-CN68 -> 350 | CT68: 1075 | CV68: =CU68+CT68-CQ68 -> 333 | CZ68: 221 | DA68: 1200 | DB68: =DA68+CZ68-CT68 -> 346 | DC68: 567 | DE68: =DD68+DC68-CZ68 -> 346 | DF68: 916 | DH68: =DG68+DF68-DC68 -> 349 | DI68: 66 | DJ68: 1200 | DK68: =DJ68+DI68-DF68 -> 350 | DL68: 211 | DM68: 186 | DN68: =DM68+DL68-DI68 -> 331 | DO68: 528 | DQ68: =DP68+DO68-DL68 -> 317
A69: 65 | B69: 145 | C69: 1193 | D69: 328 | E69: DR1073Z,DR856Z | F69: DR1073Z,DR856Z | G69: DR1073Z,DR856Z | H69: DR1073Z,DR856Z | I69: DR1073Z,DR856Z | J69: DR1073Z,DR856Z | K69: DR1073Z,DR856Z | L69: DR1073Z,DR856Z | M69: DR1073Z,DR856Z | N69: DR1073Z,DR856Z | O69: DR1073Z,DR856Z | P69: DR1073Z,DR856Z | Q69: DR1073Z,DR856Z | R69: DR1073Z,DR856Z | S69: RD225Z,DR1074Z | T69: RD225Z,DR1074Z | U69: RD225Z,DR1074Z | V69: RD225Z,DR1074Z | W69: RD225Z,DR1074Z | X69: RD225Z,DR1074Z | Y69: RD225Z,DR1074Z | Z69: RD225Z,DR1074Z | AA69: RD225Z,DR1074Z | AB69: RD225Z,DR1074Z | AC69: RD225Z,DR1074Z | AD69: RD225Z,DR1074Z | AE69: RD225Z,DR1074Z | AF69: 492 | AH69: =AG69+AF69-B69 -> 347 | AI69: 828 | AK69: =AJ69+AI69-AF69 -> 336 | AO69: 239 | AP69: 937 | AQ69: =AP69+AO69-AI69 -> 348 | AR69: 591 | AT69: =AS69+AR69-AO69 -> 352 | AU69: 937 | AW69: =AV69+AU69-AR69 -> 346 | AX69: 87 | AY69: 1200 | AZ69: =AY69+AX69-AU69 -> 350 | BA69: 430 | BC69: =BB69+BA69-AX69 -> 343 | BD69: 768 | BF69: =BE69+BD69-BA69 -> 338 | BJ69: 1118 | BL69: =BK69+BJ69-BD69 -> 350 | BM69: 263 | BN69: 1200 | BO69: =BN69+BM69-BJ69 -> 345 | BP69: 614 | BR69: =BQ69+BP69-BM69 -> 351 | BS69: 943 | BU69: =BT69+BS69-BP69 -> 329 | BV69: 1300 | BX69: =BW69+BV69-BS69 -> 357 | BY69: 254 | BZ69: 1363 | CA69: =BZ69+BY69-BV69 -> 317 | CE69: 603 | CG69: =CF69+CE69-BY69 -> 349 | CH69: 952 | CJ69: =CI69+CH69-CE69 -> 349 | CK69: 100 | CL69: 1200 | CM69: =CL69+CK69-CH69 -> 348 | CN69: 451 | CP69: =CO69+CN69-CK69 -> 351 | CQ69: 798 | CS69: =CR69+CQ69-CN69 -> 347 | CT69: 11 | CU69: 1115 | CV69: =CU69+CT69-CQ69 -> 328 | CZ69: 358 | DB69: =DA69+CZ69-CT69 -> 347 | DC69: 704 | DE69: =DD69+DC69-CZ69 -> 346 | DF69: 1053 | DH69: =DG69+DF69-DC69 -> 349 | DI69: 198 | DJ69: 1200 | DK69: =DJ69+DI69-DF69 -> 345 | DL69: 547 | DN69: =DM69+DL69-DI69 -> 349 | DO69: 864 | DQ69: =DP69+DO69-DL69 -> 317
A70: 66 | B70: 965 | D70: 332 | E70: DR1073Z,DR856Z | F70: DR1073Z,DR856Z | G70: DR1073Z,DR856Z | H70: DR1073Z,DR856Z | I70: DR1073Z,DR856Z | J70: DR1073Z,DR856Z | K70: DR1073Z,DR856Z | L70: DR1073Z,DR856Z | M70: DR1073Z,DR856Z | N70: DR1073Z,DR856Z | O70: DR1073Z,DR856Z | P70: DR1073Z,DR856Z | Q70: DR1073Z,DR856Z | R70: DR1073Z,DR856Z | S70: DR1073Z,DR856Z | T70: DR1073Z,DR856Z | U70: DR1073Z,DR856Z | V70: DR1073Z,DR856Z | W70: DR1073Z,DR856Z | X70: DR1073Z,DR856Z | Y70: RD225Z,DR1074Z | Z70: RD225Z,DR1074Z | AA70: RD225Z,DR1074Z | AB70: RD225Z,DR1074Z | AC70: RD225Z,DR1074Z | AD70: RD225Z,DR1074Z | AE70: RD225Z,DR1074Z | AF70: 85 | AG70: 1200 | AH70: =AG70+AF70-B70 -> 320 | AI70: 414 | AK70: =AJ70+AI70-AF70 -> 329 | AO70: 761 | AQ70: =AP70+AO70-AI70 -> 347 | AR70: 1108 | AT70: =AS70+AR70-AO70 -> 347 | AU70: 255 | AV70: 1200 | AW70: =AV70+AU70-AR70 -> 347 | AX70: 605 | AZ70: =AY70+AX70-AU70 -> 350 | BA70: 947 | BC70: =BB70+BA70-AX70 -> 342 | BD70: 0 | BE70: 1054 | BF70: =BE70+BD70-BA70 -> 107 | BJ70: 323 | BL70: =BK70+BJ70-BD70 -> 323 | BM70: 668 | BO70: =BN70+BM70-BJ70 -> 345 | BP70: 1016 | BR70: =BQ70+BP70-BM70 -> 348 | BS70: 165 | BT70: 1200 | BU70: =BT70+BS70-BP70 -> 349 | BV70: 516 | BX70: =BW70+BV70-BS70 -> 351 | BY70: 849 | CA70: =BZ70+BY70-BV70 -> 333 | CE70: 1198 | CG70: =CF70+CE70-BY70 -> 349 | CH70: 343 | CI70: 1200 | CJ70: =CI70+CH70-CE70 -> 345 | CK70: 691 | CM70: =CL70+CK70-CH70 -> 348 | CN70: 231 | CO70: 808 | CP70: =CO70+CN70-CK70 -> 348 | CQ70: 576 | CS70: =CR70+CQ70-CN70 -> 345 | CT70: 249 | CU70: 637 | CV70: =CU70+CT70-CQ70 -> 310 | CZ70: 597 | DB70: =DA70+CZ70-CT70 -> 348 | DC70: 936 | DE70: =DD70+DC70-CZ70 -> 339 | DF70: 80 | DG70: 1200 | DH70: =DG70+DF70-DC70 -> 344 | DI70: 426 | DK70: =DJ70+DI70-DF70 -> 346 | DL70: 773 | DN70: =DM70+DL70-DI70 -> 347 | DO70: 1086 | DQ70: =DP70+DO70-DL70 -> 313
A71: 67 | B71: 0 | D71: 0 | E71: M5102014 | F71: M5102014 | G71: M5102014 | H71: M5102014 | I71: M5102014 | J71: M5102014 | K71: M5102014 | L71: DR1073Z,DR856Z | M71: DR1073Z,DR856Z | N71: DR1073Z,DR856Z | O71: DR1073Z,DR856Z | P71: DR1073Z,DR856Z | Q71: DR1073Z,DR856Z | R71: DR1073Z,DR856Z | S71: DR1073Z,DR856Z | T71: DR1073Z,DR856Z | U71: DR1073Z,DR856Z | V71: DR1073Z,DR856Z | W71: RD225Z,DR1074Z | X71: RD225Z,DR1074Z | Y71: RD225Z,DR1074Z | Z71: RD225Z,DR1074Z | AA71: RD225Z,DR1074Z | AB71: RD225Z,DR1074Z | AC71: RD225Z,DR1074Z | AD71: RD225Z,DR1074Z | AE71: RD225Z,DR1074Z | AF71: 0 | AH71: =AG71+AF71-B71 -> 0 | AI71: 0 | AK71: =AJ71+AI71-AF71 -> 0 | AO71: 0 | AQ71: =AP71+AO71-AI71 -> 0 | AR71: 0 | AT71: =AS71+AR71-AO71 -> 0 | AU71: 0 | AW71: =AV71+AU71-AR71 -> 0 | AX71: 0 | AZ71: =AY71+AX71-AU71 -> 0 | BA71: 251 | BC71: =BB71+BA71-AX71 -> 251 | BD71: 577 | BF71: =BE71+BD71-BA71 -> 326 | BJ71: 90 | BK71: 832 | BL71: =BK71+BJ71-BD71 -> 345 | BM71: 432 | BO71: =BN71+BM71-BJ71 -> 342 | BP71: 770 | BR71: =BQ71+BP71-BM71 -> 338 | BS71: 226 | BT71: 885 | BU71: =BT71+BS71-BP71 -> 341 | BV71: 39 | BW71: 500 | BX71: =BW71+BV71-BS71 -> 313 | BY71: 371 | CA71: =BZ71+BY71-BV71 -> 332 | CE71: 715 | CG71: =CF71+CE71-BY71 -> 344 | CH71: 1060 | CJ71: =CI71+CH71-CE71 -> 345 | CK71: 0 | CL71: 1279 | CM71: =CL71+CK71-CH71 -> 219 | CN71: 326 | CP71: =CO71+CN71-CK71 -> 326 | CQ71: 672 | CS71: =CR71+CQ71-CN71 -> 346 | CT71: 242 | CU71: 758 | CV71: =CU71+CT71-CQ71 -> 328 | CZ71: 588 | DB71: =DA71+CZ71-CT71 -> 346 | DC71: 288 | DD71: 626 | DE71: =DD71+DC71-CZ71 -> 326 | DF71: 627 | DH71: =DG71+DF71-DC71 -> 339 | DI71: 967 | DK71: =DJ71+DI71-DF71 -> 340 | DL71: 110 | DM71: 1200 | DN71: =DM71+DL71-DI71 -> 343 | DO71: 417 | DQ71: =DP71+DO71-DL71 -> 307
A72: 68 | B72: 229 | C72: 1586 | D72: 359 | E72: SC-1020 | F72: SC-1020 | G72: SC-1020 | H72: SC-1020 | I72: SC-1020 | J72: SC-1020 | K72: SC-1020 | L72: SC-1020 | M72: SC-1020 | N72: DR1073Z,DR856Z | O72: DR1073Z,DR856Z | P72: DR1073Z,DR856Z | Q72: DR1073Z,DR856Z | R72: DR1073Z,DR856Z | S72: DR1073Z,DR856Z | T72: DR1073Z,DR856Z | U72: DR1073Z,DR856Z | V72: DR1073Z,DR856Z | W72: DR1073Z,DR856Z | X72: DR1073Z,DR856Z | Y72: DR1073Z,DR856Z | Z72: DR1073Z,DR856Z | AA72: DR1073Z,DR856Z | AB72: RD225Z,DR1074Z | AC72: RD225Z,DR1074Z | AD72: RD225Z,DR1074Z | AE72: RD225Z,DR1074Z | AF72: 600 | AH72: =AG72+AF72-B72 -> 371 | AI72: 949 | AK72: =AJ72+AI72-AF72 -> 349 | AO72: 1324 | AQ72: =AP72+AO72-AI72 -> 375 | AR72: 140 | AS72: 1560 | AT72: =AS72+AR72-AO72 -> 376 | AU72: 503 | AW72: =AV72+AU72-AR72 -> 363 | AX72: 873 | AZ72: =AY72+AX72-AU72 -> 370 | BA72: 0 | BB72: 1245 | BC72: =BB72+BA72-AX72 -> 372 | BD72: 0 | BF72: =BE72+BD72-BA72 -> 0 | BJ72: 318 | BL72: =BK72+BJ72-BD72 -> 318 | BM72: 336 | BN72: 322 | BO72: =BN72+BM72-BJ72 -> 340 | BP72: 684 | BR72: =BQ72+BP72-BM72 -> 348 | BS72: 1034 | BU72: =BT72+BS72-BP72 -> 350 | BV72: 182 | BW72: 1200 | BX72: =BW72+BV72-BS72 -> 348 | BY72: 513 | CA72: =BZ72+BY72-BV72 -> 331 | CE72: 858 | CG72: =CF72+CE72-BY72 -> 345 | CH72: 0 | CI72: 1200 | CJ72: =CI72+CH72-CE72 -> 342 | CK72: 340 | CM72: =CL72+CK72-CH72 -> 340 | CN72: 691 | CP72: =CO72+CN72-CK72 -> 351 | CQ72: 1040 | CS72: =CR72+CQ72-CN72 -> 349 | CT72: 159 | CU72: 1200 | CV72: =CU72+CT72-CQ72 -> 319 | CZ72: 508 | DB72: =DA72+CZ72-CT72 -> 349 | DC72: 850 | DE72: =DD72+DC72-CZ72 -> 342 | DF72: 267 | DG72: 886 | DH72: =DG72+DF72-DC72 -> 303 | DI72: 614 | DK72: =DJ72+DI72-DF72 -> 347 | DL72: 962 | DN72: =DM72+DL72-DI72 -> 348 | DO72: 70 | DP72: 1200 | DQ72: =DP72+DO72-DL72 -> 308
A73: 69 | B73: 1020 | D73: 387 | E73: 011-3 61" | F73: 011-3 61" | G73: SC-1020 | H73: SC-1020 | I73: SC-1020 | J73: SC-1020 | K73: SC-1020 | L73: SC-1020 | M73: SC-1020 | N73: SC-1020 | O73: SC-1020 | P73: SC-1020 | Q73: SC-1020 | R73: SC-1020 | S73: SC-1020 | T73: SC-1020 | U73: RD225Z,DR1074Z | V73: RD225Z,DR1074Z | W73: RD225Z,DR1074Z | X73: RD225Z,DR1074Z | Y73: RD225Z,DR1074Z | Z73: RD225Z,DR1074Z | AA73: RD225Z,DR1074Z | AB73: RD225Z,DR1074Z | AC73: RD225Z,DR1074Z | AD73: RD225Z,DR1074Z | AE73: RD225Z,DR1074Z | AF73: 0 | AG73: 1275 | AH73: =AG73+AF73-B73 -> 255 | AI73: 331 | AK73: =AJ73+AI73-AF73 -> 331 | AO73: 740 | AQ73: =AP73+AO73-AI73 -> 409 | AR73: =1140*0.9144 -> 1042.416 | AT73: =AS73+AR73-AO73 -> 302.416 | AU73: 1415 | AW73: =AV73+AU73-AR73 -> 372.584 | AX73: 227 | AY73: 1577 | AZ73: =AY73+AX73-AU73 -> 389 | BA73: 602 | BC73: =BB73+BA73-AX73 -> 375 | BD73: 963 | BF73: =BE73+BD73-BA73 -> 361 | BJ73: 1338 | BL73: =BK73+BJ73-BD73 -> 375 | BM73: 145 | BN73: 1560 | BO73: =BN73+BM73-BJ73 -> 367 | BP73: 504 | BR73: =BQ73+BP73-BM73 -> 359 | BS73: 866 | BU73: =BT73+BS73-BP73 -> 362 | BV73: 293 | BW73: 945 | BX73: =BW73+BV73-BS73 -> 372 | BY73: 648 | CA73: =BZ73+BY73-BV73 -> 355 | CE73: 0 | CF73: 886 | CG73: =CF73+CE73-BY73 -> 238 | CH73: 270 | CJ73: =CI73+CH73-CE73 -> 270 | CK73: 598 | CM73: =CL73+CK73-CH73 -> 328 | CN73: 947 | CP73: =CO73+CN73-CK73 -> 349 | CQ73: 96 | CR73: 1200 | CS73: =CR73+CQ73-CN73 -> 349 | CT73: 421 | CV73: =CU73+CT73-CQ73 -> 325 | CZ73: 770 | DB73: =DA73+CZ73-CT73 -> 349 | DC73: 1114 | DE73: =DD73+DC73-CZ73 -> 344 | DF73: 257 | DG73: 1200 | DH73: =DG73+DF73-DC73 -> 343 | DI73: 604 | DK73: =DJ73+DI73-DF73 -> 347 | DL73: 951 | DN73: =DM73+DL73-DI73 -> 347 | DO73: 68 | DP73: 1200 | DQ73: =DP73+DO73-DL73 -> 317
A74: 70 | B74: 675 | D74: 367 | E74: SC-1020 | F74: SC-1020 | G74: SC-1020 | H74: SC-1020 | I74: SC-1020 | J74: SC-1020 | K74: SC-1020 | L74: SC-1020 | M74: SC-1020 | N74: SC-1020 | O74: SC-1020 | P74: SC-1020 | Q74: RD225Z,DR1074Z | R74: RD225Z,DR1074Z | S74: RD225Z,DR1074Z | T74: RD225Z,DR1074Z | U74: RD225Z,DR1074Z | V74: RD225Z,DR1074Z | W74: RD225Z,DR1074Z | X74: RD225Z,DR1074Z | Y74: RD225Z,DR1074Z | Z74: RD225Z,DR1074Z | AA74: RD225Z,DR1074Z | AB74: RD225Z,DR1074Z | AC74: RD225Z,DR1074Z | AD74: RD225Z,DR1074Z | AE74: RD225Z,DR1074Z | AF74: 1052 | AH74: =AG74+AF74-B74 -> 377 | AI74: 1412 | AK74: =AJ74+AI74-AF74 -> 360 | AO74: 225 | AP74: 1561 | AQ74: =AP74+AO74-AI74 -> 374 | AR74: 601 | AT74: =AS74+AR74-AO74 -> 376 | AU74: 971 | AW74: =AV74+AU74-AR74 -> 370 | AX74: 1347 | AZ74: =AY74+AX74-AU74 -> 376 | BA74: 286 | BB74: 1436 | BC74: =BB74+BA74-AX74 -> 375 | BD74: 650 | BF74: =BE74+BD74-BA74 -> 364 | BJ74: 1028 | BL74: =BK74+BJ74-BD74 -> 378 | BM74: 1401 | BO74: =BN74+BM74-BJ74 -> 373 | BP74: 0 | BQ74: 1508 | BR74: =BQ74+BP74-BM74 -> 107 | BS74: 281 | BU74: =BT74+BS74-BP74 -> 281 | BV74: 618 | BX74: =BW74+BV74-BS74 -> 337 | BY74: 948 | CA74: =BZ74+BY74-BV74 -> 330 | CE74: 88 | CF74: 1200 | CG74: =CF74+CE74-BY74 -> 340 | CH74: 414 | CJ74: =CI74+CH74-CE74 -> 326 | CK74: 268 | CL74: 484 | CM74: =CL74+CK74-CH74 -> 338 | CN74: 614 | CP74: =CO74+CN74-CK74 -> 346 | CQ74: 957 | CS74: =CR74+CQ74-CN74 -> 343 | CT74: 83 | CU74: 1200 | CV74: =CU74+CT74-CQ74 -> 326 | CZ74: 426 | DB74: =DA74+CZ74-CT74 -> 343 | DC74: 766 | DE74: =DD74+DC74-CZ74 -> 340 | DF74: 1108 | DH74: =DG74+DF74-DC74 -> 342 | DI74: 241 | DJ74: 1200 | DK74: =DJ74+DI74-DF74 -> 333 | DL74: 578 | DN74: =DM74+DL74-DI74 -> 337 | DO74: 886 | DQ74: =DP74+DO74-DL74 -> 308
A75: 71 | B75: 870 | D75: 409 | E75: 011-3 61" | F75: 011-3 | G75: 011-3 | H75: 011-3 | I75: 011-3 | J75: 011-3 | K75: 011-3 | L75: DR1073Z,DR856Z | M75: DR1073Z,DR856Z | N75: DR1073Z,DR856Z | O75: DR1073Z,DR856Z | P75: DR1073Z,DR856Z | Q75: DR1073Z,DR856Z | R75: DR1073Z,DR856Z | S75: DR1073Z,DR856Z | T75: DR1073Z,DR856Z | U75: DR1073Z,DR856Z | V75: DR1073Z,DR856Z | W75: RD225Z,DR1074Z | X75: RD225Z,DR1074Z | Y75: RD225Z,DR1074Z | Z75: RD225Z,DR1074Z | AA75: RD225Z,DR1074Z | AB75: RD225Z,DR1074Z | AC75: RD225Z,DR1074Z | AD75: RD225Z,DR1074Z | AE75: RD225Z,DR1074Z | AF75: 350 | AG75: 901 | AH75: =AG75+AF75-B75 -> 381 | AI75: 371 | AJ75: 364 | AK75: =AJ75+AI75-AF75 -> 385 | AO75: 777 | AQ75: =AP75+AO75-AI75 -> 406 | AR75: =1186*0.9144 -> 1084.4784 | AT75: =AS75+AR75-AO75 -> 307.4784 | AU75: 1453 | AW75: =AV75+AU75-AR75 -> 368.5216 | AX75: 265 | AY75: 1560 | AZ75: =AY75+AX75-AU75 -> 372 | BA75: 221 | BB75: 360 | BC75: =BB75+BA75-AX75 -> 316 | BD75: 554 | BF75: =BE75+BD75-BA75 -> 333 | BJ75: 903 | BL75: =BK75+BJ75-BD75 -> 349 | BM75: 47 | BN75: 1200 | BO75: =BN75+BM75-BJ75 -> 344 | BP75: 393 | BR75: =BQ75+BP75-BM75 -> 346 | BS75: 742 | BU75: =BT75+BS75-BP75 -> 349 | BV75: 1089 | BX75: =BW75+BV75-BS75 -> 347 | BY75: 223 | BZ75: 1200 | CA75: =BZ75+BY75-BV75 -> 334 | CE75: 566 | CG75: =CF75+CE75-BY75 -> 343 | CH75: 914 | CJ75: =CI75+CH75-CE75 -> 348 | CK75: 0 | CL75: 1028 | CM75: =CL75+CK75-CH75 -> 114 | CN75: 323 | CP75: =CO75+CN75-CK75 -> 323 | CQ75: 665 | CS75: =CR75+CQ75-CN75 -> 342 | CT75: 995 | CV75: =CU75+CT75-CQ75 -> 330 | CZ75: 137 | DA75: 1200 | DB75: =DA75+CZ75-CT75 -> 342 | DC75: 77 | DD75: 402 | DE75: =DD75+DC75-CZ75 -> 342 | DF75: 426 | DH75: =DG75+DF75-DC75 -> 349 | DI75: 775 | DK75: =DJ75+DI75-DF75 -> 349 | DL75: 1122 | DN75: =DM75+DL75-DI75 -> 347 | DO75: 235 | DP75: 1200 | DQ75: =DP75+DO75-DL75 -> 313
A76: 72 | B76: 1027 | D76: 394 | E76: 011-3 61" | F76: 011-3 61" | G76: 011-3 61" | H76: SC-1004 | I76: SC-1004 | J76: SC-1004 | K76: SC-1004 | L76: SC-1004 | M76: SC-1004 | N76: SC-1004 | O76: SC-1004 | P76: RD225Z,DR1074Z | Q76: RD225Z,DR1074Z | R76: RD225Z,DR1074Z | S76: RD225Z,DR1074Z | T76: RD225Z,DR1074Z | U76: RD225Z,DR1074Z | V76: RD225Z,DR1074Z | W76: RD225Z,DR1074Z | X76: RD225Z,DR1074Z | Y76: RD225Z,DR1074Z | Z76: RD225Z,DR1074Z | AA76: RD225Z,DR1074Z | AB76: RD225Z,DR1074Z | AC76: RD225Z,DR1074Z | AD76: RD225Z,DR1074Z | AE76: RD225Z,DR1074Z | AF76: 1434 | AH76: =AG76+AF76-B76 -> 407 | AI76: 0 | AJ76: 1556 | AK76: =AJ76+AI76-AF76 -> 122 | AO76: 174 | AQ76: =AP76+AO76-AI76 -> 174 | AR76: 424 | AT76: =AS76+AR76-AO76 -> 250 | AU76: 164 | AV76: 500 | AW76: =AV76+AU76-AR76 -> 240 | AX76: 411 | AZ76: =AY76+AX76-AU76 -> 247 | BA76: 656 | BC76: =BB76+BA76-AX76 -> 245 | BD76: 895 | BF76: =BE76+BD76-BA76 -> 239 | BJ76: 1140 | BL76: =BK76+BJ76-BD76 -> 245 | BM76: 1387 | BO76: =BN76+BM76-BJ76 -> 247 | BP76: 303 | BQ76: 1391 | BR76: =BQ76+BP76-BM76 -> 307 | BS76: 646 | BU76: =BT76+BS76-BP76 -> 343 | BV76: 997 | BX76: =BW76+BV76-BS76 -> 351 | BY76: 130 | BZ76: 1200 | CA76: =BZ76+BY76-BV76 -> 333 | CE76: 469 | CG76: =CF76+CE76-BY76 -> 339 | CH76: 819 | CJ76: =CI76+CH76-CE76 -> 350 | CK76: 1165 | CM76: =CL76+CK76-CH76 -> 346 | CN76: 314 | CO76: 1200 | CP76: =CO76+CN76-CK76 -> 349 | CQ76: 661 | CS76: =CR76+CQ76-CN76 -> 347 | CT76: 985 | CV76: =CU76+CT76-CQ76 -> 324 | CZ76: 133 | DA76: 1200 | DB76: =DA76+CZ76-CT76 -> 348 | DC76: 481 | DE76: =DD76+DC76-CZ76 -> 348 | DF76: 831 | DH76: =DG76+DF76-DC76 -> 350 | DI76: 1178 | DK76: =DJ76+DI76-DF76 -> 347 | DL76: 319 | DM76: 1205 | DN76: =DM76+DL76-DI76 -> 346 | DO76: 633 | DQ76: =DP76+DO76-DL76 -> 314
A77: 73 | B77: 289 | C77: 1190 | D77: 318 | E77: DR1073Z,DR856Z | F77: DR1073Z,DR856Z | G77: DR1073Z,DR856Z | H77: DR1073Z,DR856Z | I77: DR1073Z,DR856Z | J77: DR1073Z,DR856Z | K77: DR1073Z,DR856Z | L77: DR1073Z,DR856Z | M77: DR1073Z,DR856Z | N77: DR1073Z,DR856Z | O77: DR1073Z,DR856Z | P77: DR1073Z,DR856Z | Q77: DR1073Z,DR856Z | R77: DR1073Z,DR856Z | S77: DR1073Z,DR856Z | T77: DR1073Z,DR856Z | U77: DR1073Z,DR856Z | V77: DR1073Z,DR856Z | W77: SC-1020 | X77: SC-1020 | Y77: SC-1020 | Z77: SC-1020 | AA77: SC-1020 | AB77: SC-1020 | AC77: SC-1020 | AD77: SC-1020 | AE77: SC-1020 | AF77: 632 | AH77: =AG77+AF77-B77 -> 343 | AI77: 948 | AK77: =AJ77+AI77-AF77 -> 316 | AO77: 90 | AP77: 1200 | AQ77: =AP77+AO77-AI77 -> 342 | AR77: 434 | AT77: =AS77+AR77-AO77 -> 344 | AU77: 776 | AW77: =AV77+AU77-AR77 -> 342 | AX77: 1122 | AZ77: =AY77+AX77-AU77 -> 346 | BA77: 263 | BB77: 1200 | BC77: =BB77+BA77-AX77 -> 341 | BD77: 598 | BF77: =BE77+BD77-BA77 -> 335 | BJ77: 943 | BL77: =BK77+BJ77-BD77 -> 345 | BM77: 58 | BN77: 1200 | BO77: =BN77+BM77-BJ77 -> 315 | BP77: 404 | BR77: =BQ77+BP77-BM77 -> 346 | BS77: 750 | BU77: =BT77+BS77-BP77 -> 346 | BV77: 1098 | BX77: =BW77+BV77-BS77 -> 348 | BY77: 224 | BZ77: 1200 | CA77: =BZ77+BY77-BV77 -> 326 | CE77: 570 | CG77: =CF77+CE77-BY77 -> 346 | CH77: 905 | CJ77: =CI77+CH77-CE77 -> 335 | CK77: 0 | CL77: 1078 | CM77: =CL77+CK77-CH77 -> 173 | CN77: 320 | CP77: =CO77+CN77-CK77 -> 320 | CQ77: 687 | CS77: =CR77+CQ77-CN77 -> 367 | CT77: 1039 | CV77: =CU77+CT77-CQ77 -> 352 | CZ77: 1401 | DB77: =DA77+CZ77-CT77 -> 362 | DC77: 357 | DD77: 1407 | DE77: =DD77+DC77-CZ77 -> 363 | DF77: 724 | DH77: =DG77+DF77-DC77 -> 367 | DI77: 1089 | DK77: =DJ77+DI77-DF77 -> 365 | DL77: 1454 | DN77: =DM77+DL77-DI77 -> 365 | DO77: 230 | DP77: 1560 | DQ77: =DP77+DO77-DL77 -> 336
A78: 74 | B78: 1018 | D78: 373 | E78: SC-1020 | F78: SC-1020 | G78: SC-1020 | H78: SC-1020 | I78: SC-1020 | J78: SC-1020 | K78: SC-1020 | L78: SC-1020 | M78: SC-1020 | N78: SC-1020 | O78: SC-1020 | P78: SC-1020 | Q78: SC-1020 | R78: SC-1020 | S78: SC-1020 | T78: SC-1020 | U78: SC-1020 | V78: SC-1020 | W78: SC-1020 | X78: SC-1020 | Y78: SC-1020 | Z78: SC-1020 | AA78: SC-1020 | AB78: SC-1020 | AC78: SC-1020 | AD78: SC-1020 | AE78: SC-1020 | AF78: 1395 | AH78: =AG78+AF78-B78 -> 377 | AI78: 217 | AJ78: 1521 | AK78: =AJ78+AI78-AF78 -> 343 | AO78: 597 | AQ78: =AP78+AO78-AI78 -> 380 | AR78: 981 | AT78: =AS78+AR78-AO78 -> 384 | AU78: 1357 | AW78: =AV78+AU78-AR78 -> 376 | AX78: 171 | AY78: 1560 | AZ78: =AY78+AX78-AU78 -> 374 | BA78: 545 | BC78: =BB78+BA78-AX78 -> 374 | BD78: 912 | BF78: =BE78+BD78-BA78 -> 367 | BJ78: 1294 | BL78: =BK78+BJ78-BD78 -> 382 | BM78: 102 | BN78: 1560 | BO78: =BN78+BM78-BJ78 -> 368 | BP78: 483 | BR78: =BQ78+BP78-BM78 -> 381 | BS78: 275 | BT78: 583 | BU78: =BT78+BS78-BP78 -> 375 | BV78: 659 | BX78: =BW78+BV78-BS78 -> 384 | BY78: 1025 | CA78: =BZ78+BY78-BV78 -> 366 | CE78: 1406 | CG78: =CF78+CE78-BY78 -> 381 | CH78: 227 | CI78: 1560 | CJ78: =CI78+CH78-CE78 -> 381 | CK78: 596 | CM78: =CL78+CK78-CH78 -> 369 | CN78: 977 | CP78: =CO78+CN78-CK78 -> 381 | CQ78: 0 | CR78: 1081 | CS78: =CR78+CQ78-CN78 -> 104 | CT78: 303 | CV78: =CU78+CT78-CQ78 -> 303 | CZ78: 672 | DB78: =DA78+CZ78-CT78 -> 369 | DC78: 1034 | DE78: =DD78+DC78-CZ78 -> 362 | DF78: 1398 | DH78: =DG78+DF78-DC78 -> 364 | DI78: 204 | DJ78: 1560 | DK78: =DJ78+DI78-DF78 -> 366 | DL78: 573 | DN78: =DM78+DL78-DI78 -> 369 | DO78: 907 | DQ78: =DP78+DO78-DL78 -> 334
A79: 75 | B79: 932 | D79: 360 | E79: SC-1020 | F79: SC-1020 | G79: SC-1020 | H79: SC-1020 | I79: SC-1020 | J79: SC-1020 | K79: SC-1020 | L79: SC-1020 | M79: SC-1020 | N79: SC-1020 | O79: SC-1020 | P79: SC-1020 | Q79: SC-1020 | R79: SC-1020 | S79: SC-1020 | T79: SC-1020 | U79: SC-1020 | V79: SC-1020 | W79: SC-1020 | X79: SC-1020 | Y79: SC-1020 | Z79: SC-1020 | AA79: SC-1020 | AB79: SC-1020 | AC79: SC-1020 | AD79: SC-1020 | AE79: SC-1020 | AF79: 1318 | AH79: =AG79+AF79-B79 -> 386 | AI79: 127 | AJ79: 1542 | AK79: =AJ79+AI79-AF79 -> 351 | AO79: 483 | AQ79: =AP79+AO79-AI79 -> 356 | AR79: 839 | AT79: =AS79+AR79-AO79 -> 356 | AU79: 1194 | AW79: =AV79+AU79-AR79 -> 355 | AX79: 1549 | AZ79: =AY79+AX79-AU79 -> 355 | BA79: 347 | BB79: 1560 | BC79: =BB79+BA79-AX79 -> 358 | BD79: 694 | BF79: =BE79+BD79-BA79 -> 347 | BJ79: 1052 | BL79: =BK79+BJ79-BD79 -> 358 | BM79: 1404 | BO79: =BN79+BM79-BJ79 -> 352 | BP79: 326 | BQ79: 1433 | BR79: =BQ79+BP79-BM79 -> 355 | BS79: 680 | BU79: =BT79+BS79-BP79 -> 354 | BV79: 1038 | BX79: =BW79+BV79-BS79 -> 358 | BY79: 1377 | CA79: =BZ79+BY79-BV79 -> 339 | CE79: 178 | CF79: 1560 | CG79: =CF79+CE79-BY79 -> 361 | CH79: 254 | CJ79: =CI79+CH79-CE79 -> 76 | CK79: 494 | CM79: =CL79+CK79-CH79 -> 240 | CN79: 6 | CO79: 550 | CP79: =CO79+CN79-CK79 -> 62 | CQ79: 372 | CS79: =CR79+CQ79-CN79 -> 366 | CT79: 708 | CV79: =CU79+CT79-CQ79 -> 336 | CZ79: 1064 | DB79: =DA79+CZ79-CT79 -> 356 | DC79: 1431 | DE79: =DD79+DC79-CZ79 -> 367 | DF79: 238 | DG79: 1560 | DH79: =DG79+DF79-DC79 -> 367 | DI79: 604 | DK79: =DJ79+DI79-DF79 -> 366 | DL79: 973 | DN79: =DM79+DL79-DI79 -> 369 | DO79: 1307 | DQ79: =DP79+DO79-DL79 -> 334
A80: 76 | B80: 308 | C80: 1560 | D80: 366 | E80: SC-1020 | F80: SC-1020 | G80: SC-1020 | H80: SC-1020 | I80: SC-1020 | J80: SC-1020 | K80: SC-1020 | L80: SC-1020 | M80: SC-1020 | N80: SC-1020 | O80: SC-1020 | P80: SC-1020 | Q80: SC-1020 | R80: SC-1020 | S80: SC-1020 | T80: SC-1020 | U80: SC-1020 | V80: SC-1020 | W80: 011-4 | X80: 011-4 | Y80: 011-4 | Z80: 011-4 | AA80: 011-4 | AB80: 011-4 | AC80: 011-4 | AD80: 011-4 | AE80: 011-4 | AF80: 701 | AH80: =AG80+AF80-B80 -> 393 | AI80: 1059 | AK80: =AJ80+AI80-AF80 -> 358 | AO80: 1436 | AQ80: =AP80+AO80-AI80 -> 377 | AR80: 251 | AS80: 1560 | AT80: =AS80+AR80-AO80 -> 375 | AU80: 623 | AW80: =AV80+AU80-AR80 -> 372 | AX80: 999 | AZ80: =AY80+AX80-AU80 -> 376 | BA80: 1375 | BC80: =BB80+BA80-AX80 -> 376 | BD80: 175 | BE80: 1560 | BF80: =BE80+BD80-BA80 -> 360 | BJ80: 552 | BL80: =BK80+BJ80-BD80 -> 377 | BM80: 926 | BO80: =BN80+BM80-BJ80 -> 374 | BP80: 1300 | BR80: =BQ80+BP80-BM80 -> 374 | BS80: 156 | BT80: 1510 | BU80: =BT80+BS80-BP80 -> 366 | BV80: 529 | BX80: =BW80+BV80-BS80 -> 373 | BY80: 878 | CA80: =BZ80+BY80-BV80 -> 349 | CE80: 1246 | CG80: =CF80+CE80-BY80 -> 368 | CH80: 1322 | CJ80: =CI80+CH80-CE80 -> 76 | CK80: 1592 | CM80: =CL80+CK80-CH80 -> 270 | CN80: 5 | CO80: 1651 | CP80: =CO80+CN80-CK80 -> 64 | CQ80: 369 | CS80: =CR80+CQ80-CN80 -> 364 | CT80: 712 | CV80: =CU80+CT80-CQ80 -> 343 | CZ80: 1085 | DB80: =DA80+CZ80-CT80 -> 373 | DC80: 1449 | DE80: =DD80+DC80-CZ80 -> 364 | DF80: 261 | DG80: 1560 | DH80: =DG80+DF80-DC80 -> 372 | DI80: 638 | DK80: =DJ80+DI80-DF80 -> 377 | DL80: 1009 | DN80: =DM80+DL80-DI80 -> 371 | DO80: 1349 | DQ80: =DP80+DO80-DL80 -> 340
A81: 77 | B81: 1096 | D81: 345 | E81: SC-1020 | F81: SC-1020 | G81: SC-1020 | H81: SC-1020 | I81: SC-1020 | J81: SC-1020 | K81: SC-1020 | L81: SC-1020 | M81: SC-1020 | N81: SC-1020 | O81: SC-1020 | P81: SC-1020 | Q81: SC-1020 | R81: SC-1020 | S81: SC-1020 | T81: SC-1020 | U81: SC-1020 | V81: SC-1020 | W81: SC-1020 | X81: SC-1020 | Y81: SC-1020 | Z81: SC-1020 | AA81: SC-1020 | AB81: SC-1020 | AC81: SC-1020 | AD81: SC-1020 | AE81: SC-1020 | AF81: 1467 | AH81: =AG81+AF81-B81 -> 371 | AI81: 268 | AJ81: 1560 | AK81: =AJ81+AI81-AF81 -> 361 | AO81: 649 | AQ81: =AP81+AO81-AI81 -> 381 | AR81: 1030 | AT81: =AS81+AR81-AO81 -> 381 | AU81: 1407 | AW81: =AV81+AU81-AR81 -> 377 | AX81: 224 | AY81: 1560 | AZ81: =AY81+AX81-AU81 -> 377 | BA81: 605 | BC81: =BB81+BA81-AX81 -> 381 | BD81: 970 | BF81: =BE81+BD81-BA81 -> 365 | BJ81: 1343 | BL81: =BK81+BJ81-BD81 -> 373 | BM81: 146 | BN81: 1560 | BO81: =BN81+BM81-BJ81 -> 363 | BP81: 527 | BR81: =BQ81+BP81-BM81 -> 381 | BS81: 901 | BU81: =BT81+BS81-BP81 -> 374 | BV81: 1284 | BX81: =BW81+BV81-BS81 -> 383 | BY81: 75 | BZ81: 1560 | CA81: =BZ81+BY81-BV81 -> 351 | CE81: 453 | CG81: =CF81+CE81-BY81 -> 378 | CH81: 835 | CJ81: =CI81+CH81-CE81 -> 382 | CK81: 1199 | CM81: =CL81+CK81-CH81 -> 364 | CN81: 0 | CO81: 1329 | CP81: =CO81+CN81-CK81 -> 130 | CQ81: 308 | CS81: =CR81+CQ81-CN81 -> 308 | CT81: 643 | CV81: =CU81+CT81-CQ81 -> 335 | CZ81: 1009 | DB81: =DA81+CZ81-CT81 -> 366 | DC81: 1371 | DE81: =DD81+DC81-CZ81 -> 362 | DF81: 178 | DG81: 1560 | DH81: =DG81+DF81-DC81 -> 367 | DI81: 533 | DK81: =DJ81+DI81-DF81 -> 355 | DL81: 892 | DN81: =DM81+DL81-DI81 -> 359 | DO81: 1220 | DQ81: =DP81+DO81-DL81 -> 328
A82: 78 | B82: 650 | D82: 362 | E82: 011-3 | F82: 011-3 | G82: 011-3 | H82: 011-3 | I82: 011-3 | J82: 011-3 | K82: 011-3 | L82: 011-3 | M82: 011-3 | N82: 011-3 | O82: 011-3 | P82: 011-3 | Q82: 011-3 | R82: 011-3 | S82: 011-3 | T82: 011-3 | U82: 011-4 | V82: 011-4 | W82: 011-4 | X82: 011-4 | Y82: 011-4 | Z82: 011-4 | AA82: 011-4 | AB82: 011-4 | AC82: 011-4 | AD82: 011-4 | AE82: 011-4 | AF82: 1035 | AH82: =AG82+AF82-B82 -> 385 | AI82: 1394 | AK82: =AJ82+AI82-AF82 -> 359 | AO82: 207 | AP82: 1561 | AQ82: =AP82+AO82-AI82 -> 374 | AR82: 583 | AT82: =AS82+AR82-AO82 -> 376 | AU82: 953 | AW82: =AV82+AU82-AR82 -> 370 | AX82: 1327 | AZ82: =AY82+AX82-AU82 -> 374 | BA82: 140 | BB82: 1560 | BC82: =BB82+BA82-AX82 -> 373 | BD82: 503 | BF82: =BE82+BD82-BA82 -> 363 | BJ82: 878 | BL82: =BK82+BJ82-BD82 -> 375 | BM82: 243 | BN82: 1005 | BO82: =BN82+BM82-BJ82 -> 370 | BP82: 620 | BR82: =BQ82+BP82-BM82 -> 377 | BS82: 996 | BU82: =BT82+BS82-BP82 -> 376 | BV82: 1372 | BX82: =BW82+BV82-BS82 -> 376 | BY82: 1730 | CA82: =BZ82+BY82-BV82 -> 358 | CE82: 0 | CF82: 1763 | CG82: =CF82+CE82-BY82 -> 33 | CH82: 305 | CJ82: =CI82+CH82-CE82 -> 305 | CK82: 662 | CM82: =CL82+CK82-CH82 -> 357 | CN82: 1018 | CP82: =CO82+CN82-CK82 -> 356 | CQ82: 1384 | CS82: =CR82+CQ82-CN82 -> 366 | CT82: 172 | CU82: 1557 | CV82: =CU82+CT82-CQ82 -> 345 | CZ82: 541 | DB82: =DA82+CZ82-CT82 -> 369 | DC82: 907 | DE82: =DD82+DC82-CZ82 -> 366 | DF82: 1273 | DH82: =DG82+DF82-DC82 -> 366 | DI82: 77 | DJ82: 1560 | DK82: =DJ82+DI82-DF82 -> 364 | DL82: 441 | DN82: =DM82+DL82-DI82 -> 364 | DO82: 770 | DQ82: =DP82+DO82-DL82 -> 329
A83: 79 | B83: 679 | D83: 368 | E83: 011-3 | F83: 011-3 | G83: 011-3 | H83: 011-3 | I83: 011-3 | J83: 011-3 | K83: 011-3 | L83: 011-3 | M83: 011-3 | N83: 011-3 | O83: 011-3 | P83: 011-3 | Q83: 011-3 | R83: 011-3 | S83: 011-3 | T83: 011-3 | U83: 011-3 | V83: 011-3 | W83: SC-1020 | X83: SC-1020 | Y83: SC-1020 | Z83: SC-1020 | AA83: SC-1020 | AB83: SC-1020 | AC83: SC-1020 | AD83: SC-1020 | AE83: SC-1020 | AF83: 1068 | AH83: =AG83+AF83-B83 -> 389 | AI83: 1428 | AK83: =AJ83+AI83-AF83 -> 360 | AO83: 243 | AP83: 1561 | AQ83: =AP83+AO83-AI83 -> 376 | AR83: 622 | AT83: =AS83+AR83-AO83 -> 379 | AU83: 994 | AW83: =AV83+AU83-AR83 -> 372 | AX83: 1368 | AZ83: =AY83+AX83-AU83 -> 374 | BA83: 178 | BB83: 1560 | BC83: =BB83+BA83-AX83 -> 370 | BD83: 536 | BF83: =BE83+BD83-BA83 -> 358 | BJ83: 914 | BL83: =BK83+BJ83-BD83 -> 378 | BM83: 1285 | BO83: =BN83+BM83-BJ83 -> 371 | BP83: 101 | BQ83: 1560 | BR83: =BQ83+BP83-BM83 -> 376 | BS83: 104 | BT83: 369 | BU83: =BT83+BS83-BP83 -> 372 | BV83: 475 | BX83: =BW83+BV83-BS83 -> 371 | BY83: 824 | CA83: =BZ83+BY83-BV83 -> 349 | CE83: 1193 | CG83: =CF83+CE83-BY83 -> 369 | CH83: 1270 | CJ83: =CI83+CH83-CE83 -> 77 | CK83: 0 | CL83: 1500 | CM83: =CL83+CK83-CH83 -> 230 | CN83: 327 | CP83: =CO83+CN83-CK83 -> 327 | CQ83: 696 | CS83: =CR83+CQ83-CN83 -> 369 | CT83: 1040 | CV83: =CU83+CT83-CQ83 -> 344 | CZ83: 1413 | DB83: =DA83+CZ83-CT83 -> 373 | DC83: 218 | DD83: 1560 | DE83: =DD83+DC83-CZ83 -> 365 | DF83: 593 | DH83: =DG83+DF83-DC83 -> 375 | DI83: 954 | DK83: =DJ83+DI83-DF83 -> 361 | DL83: 1321 | DN83: =DM83+DL83-DI83 -> 367 | DO83: 230 | DP83: 1416 | DQ83: =DP83+DO83-DL83 -> 325
A84: 80 | B84: 896 | D84: 330 | E84: ABZ85,DR794Z,DR856Z | F84: ABZ85,DR794Z,DR856Z | G84: ABZ85,DR794Z,DR856Z | H84: ABZ85,DR794Z,DR856Z | I84: ABZ85,DR794Z,DR856Z | J84: ABZ85,DR794Z,DR856Z | K84: SC-1020 | L84: SC-1020 | M84: SC-1020 | N84: SC-1020 | O84: SC-1020 | P84: SC-1020 | Q84: SC-1020 | R84: SC-1020 | S84: SC-1020 | T84: SC-1020 | U84: SC-1020 | V84: SC-1020 | W84: SC-1020 | X84: SC-1020 | Y84: SC-1020 | Z84: SC-1020 | AA84: SC-1020 | AB84: SC-1020 | AC84: SC-1020 | AD84: SC-1020 | AE84: SC-1020 | AF84: 35 | AG84: 1200 | AH84: =AG84+AF84-B84 -> 339 | AI84: 364 | AK84: =AJ84+AI84-AF84 -> 329 | AO84: 713 | AQ84: =AP84+AO84-AI84 -> 349 | AR84: 1056 | AT84: =AS84+AR84-AO84 -> 343 | AU84: 0 | AV84: 1360 | AW84: =AV84+AU84-AR84 -> 304 | AX84: 70 | AY84: 286 | AZ84: =AY84+AX84-AU84 -> 356 | BA84: 446 | BC84: =BB84+BA84-AX84 -> 376 | BD84: 796 | BF84: =BE84+BD84-BA84 -> 350 | BJ84: 1172 | BL84: =BK84+BJ84-BD84 -> 376 | BM84: 1545 | BO84: =BN84+BM84-BJ84 -> 373 | BP84: 360 | BQ84: 1560 | BR84: =BQ84+BP84-BM84 -> 375 | BS84: 725 | BU84: =BT84+BS84-BP84 -> 365 | BV84: 1095 | BX84: =BW84+BV84-BS84 -> 370 | BY84: 274 | BZ84: 1146 | CA84: =BZ84+BY84-BV84 -> 325 | CE84: 636 | CG84: =CF84+CE84-BY84 -> 362 | CH84: 996 | CJ84: =CI84+CH84-CE84 -> 360 | CK84: 1356 | CM84: =CL84+CK84-CH84 -> 360 | CN84: 166 | CO84: 1550 | CP84: =CO84+CN84-CK84 -> 360 | CQ84: 529 | CS84: =CR84+CQ84-CN84 -> 363 | CT84: 0 | CU84: 795 | CV84: =CU84+CT84-CQ84 -> 266 | CZ84: 0 | DB84: =DA84+CZ84-CT84 -> 0 | DC84: 0 | DE84: =DD84+DC84-CZ84 -> 0 | DF84: 273 | DH84: =DG84+DF84-DC84 -> 273 | DI84: 655 | DK84: =DJ84+DI84-DF84 -> 382 | DL84: 1037 | DN84: =DM84+DL84-DI84 -> 382 | DO84: 1383 | DQ84: =DP84+DO84-DL84 -> 346
A85: 81 | B85: 0 | C85: 1068 | D85: 177 | E85: SC-1020 | F85: 011-3 | G85: 011-3 | H85: 011-3 | I85: 011-3 | J85: 011-3 | K85: 011-3 | L85: 011-3 | M85: 011-3 | N85: 011-3 | O85: 011-3 | P85: 011-3 | Q85: 011-3 | R85: 011-3 | S85: 011-3 | T85: 011-3 | U85: 011-3 | V85: 011-3 | W85: 011-3 | X85: 011-3 | Y85: 011-3 | Z85: 011-3 | AA85: 011-3 | AB85: SC-1020 | AC85: SC-1020 | AD85: SC-1020 | AE85: SC-1020 | AF85: 333 | AH85: =AG85+AF85-B85 -> 333 | AI85: 691 | AK85: =AJ85+AI85-AF85 -> 358 | AO85: 1061 | AQ85: =AP85+AO85-AI85 -> 370 | AR85: 1438 | AT85: =AS85+AR85-AO85 -> 377 | AU85: 246 | AV85: 1560 | AW85: =AV85+AU85-AR85 -> 368 | AX85: 622 | AZ85: =AY85+AX85-AU85 -> 376 | BA85: 47 | BB85: 933 | BC85: =BB85+BA85-AX85 -> 358 | BD85: 406 | BF85: =BE85+BD85-BA85 -> 359 | BJ85: 783 | BL85: =BK85+BJ85-BD85 -> 377 | BM85: 1145 | BO85: =BN85+BM85-BJ85 -> 362 | BP85: 1497 | BR85: =BQ85+BP85-BM85 -> 352 | BS85: 291 | BT85: 1560 | BU85: =BT85+BS85-BP85 -> 354 | BV85: 650 | BX85: =BW85+BV85-BS85 -> 359 | BY85: 981 | CA85: =BZ85+BY85-BV85 -> 331 | CE85: 1335 | CG85: =CF85+CE85-BY85 -> 354 | CH85: 181 | CI85: 1507 | CJ85: =CI85+CH85-CE85 -> 353 | CK85: 525 | CM85: =CL85+CK85-CH85 -> 344 | CN85: 882 | CP85: =CO85+CN85-CK85 -> 357 | CQ85: 1237 | CS85: =CR85+CQ85-CN85 -> 355 | CT85: 8 | CU85: 1560 | CV85: =CU85+CT85-CQ85 -> 331 | CZ85: 372 | DB85: =DA85+CZ85-CT85 -> 364 | DC85: 0 | DD85: 690 | DE85: =DD85+DC85-CZ85 -> 318 | DF85: 277 | DH85: =DG85+DF85-DC85 -> 277 | DI85: 642 | DK85: =DJ85+DI85-DF85 -> 365 | DL85: 1007 | DN85: =DM85+DL85-DI85 -> 365 | DO85: 1337 | DQ85: =DP85+DO85-DL85 -> 330
A86: 82 | B86: 937 | D86: 322 | E86: DR1073Z,DR856Z | F86: DR1073Z,DR856Z | G86: DR1073Z,DR856Z | H86: DR1073Z,DR856Z | I86: DR1073Z,DR856Z | J86: DR1073Z,DR856Z | K86: DR1073Z,DR856Z | L86: DR1073Z,DR856Z | M86: DR1073Z,DR856Z | N86: 011-3 | O86: 011-3 | P86: 011-3 | Q86: 011-3 | R86: 011-3 | S86: 011-3 | T86: 011-3 | U86: 011-3 | V86: 011-3 | W86: 011-3 | X86: 011-3 | Y86: 011-3 | Z86: 011-3 | AA86: 011-3 | AB86: 011-3 | AC86: 011-3 | AD86: 011-3 | AE86: 011-3 | AF86: 222 | AG86: 1057 | AH86: =AG86+AF86-B86 -> 342 | AI86: 547 | AK86: =AJ86+AI86-AF86 -> 325 | AO86: 895 | AQ86: =AP86+AO86-AI86 -> 348 | AR86: 38 | AS86: 1200 | AT86: =AS86+AR86-AO86 -> 343 | AU86: 381 | AW86: =AV86+AU86-AR86 -> 343 | AX86: 204 | AY86: 499 | AZ86: =AY86+AX86-AU86 -> 322 | BA86: 552 | BC86: =BB86+BA86-AX86 -> 348 | BD86: 0 | BE86: 749 | BF86: =BE86+BD86-BA86 -> 197 | BJ86: 0 | BL86: =BK86+BJ86-BD86 -> 0 | BM86: 0 | BO86: =BN86+BM86-BJ86 -> 0 | BP86: 0 | BR86: =BQ86+BP86-BM86 -> 0 | BS86: 0 | BU86: =BT86+BS86-BP86 -> 0 | BV86: 0 | BX86: =BW86+BV86-BS86 -> 0 | BY86: 0 | CA86: =BZ86+BY86-BV86 -> 0 | CE86: 221 | CG86: =CF86+CE86-BY86 -> 221 | CH86: 582 | CJ86: =CI86+CH86-CE86 -> 361 | CK86: 944 | CM86: =CL86+CK86-CH86 -> 362 | CN86: 1308 | CP86: =CO86+CN86-CK86 -> 364 | CQ86: 111 | CR86: 1560 | CS86: =CR86+CQ86-CN86 -> 363 | CT86: 456 | CV86: =CU86+CT86-CQ86 -> 345 | CZ86: 819 | DB86: =DA86+CZ86-CT86 -> 363 | DC86: 1181 | DE86: =DD86+DC86-CZ86 -> 362 | DF86: 1545 | DH86: =DG86+DF86-DC86 -> 364 | DI86: 342 | DJ86: 1560 | DK86: =DJ86+DI86-DF86 -> 357 | DL86: 692 | DN86: =DM86+DL86-DI86 -> 350 | DO86: 1015 | DQ86: =DP86+DO86-DL86 -> 323
A87: 83 | B87: 767 | D87: 331 | E87: ABZ85,DR794Z,DR856Z | F87: ABZ85,DR794Z,DR856Z | G87: DR1073Z,DR856Z | H87: DR1073Z,DR856Z | I87: DR1073Z,DR856Z | J87: DR1073Z,DR856Z | K87: DR1073Z,DR856Z | L87: DR1073Z,DR856Z | M87: DR1073Z,DR856Z | N87: 011-4 | O87: 011-4 | P87: 011-4 | Q87: 011-4 | R87: 011-4 | S87: 011-4 | T87: 011-4 | U87: 011-4 | V87: 011-4 | W87: 011-4 | X87: 011-4 | Y87: 011-4 | Z87: 011-4 | AA87: 011-4 | AB87: 011-4 | AC87: 011-4 | AD87: 011-4 | AE87: 011-4 | AF87: 1114 | AH87: =AG87+AF87-B87 -> 347 | AI87: 227 | AJ87: 1200 | AK87: =AJ87+AI87-AF87 -> 313 | AO87: 573 | AQ87: =AP87+AO87-AI87 -> 346 | AR87: 925 | AT87: =AS87+AR87-AO87 -> 352 | AU87: 72 | AV87: 1200 | AW87: =AV87+AU87-AR87 -> 347 | AX87: 423 | AZ87: =AY87+AX87-AU87 -> 351 | BA87: 770 | BC87: =BB87+BA87-AX87 -> 347 | BD87: 0 | BE87: 862 | BF87: =BE87+BD87-BA87 -> 92 | BJ87: 0 | BL87: =BK87+BJ87-BD87 -> 0 | BM87: 0 | BO87: =BN87+BM87-BJ87 -> 0 | BP87: 0 | BR87: =BQ87+BP87-BM87 -> 0 | BS87: 0 | BU87: =BT87+BS87-BP87 -> 0 | BV87: 0 | BX87: =BW87+BV87-BS87 -> 0 | BY87: 0 | CA87: =BZ87+BY87-BV87 -> 0 | CE87: 0 | CG87: =CF87+CE87-BY87 -> 0 | CH87: 367 | CJ87: =CI87+CH87-CE87 -> 367 | CK87: 723 | CM87: =CL87+CK87-CH87 -> 356 | CN87: 1089 | CP87: =CO87+CN87-CK87 -> 366 | CQ87: 1448 | CS87: =CR87+CQ87-CN87 -> 359 | CT87: 242 | CU87: 1544 | CV87: =CU87+CT87-CQ87 -> 338 | CZ87: 612 | DB87: =DA87+CZ87-CT87 -> 370 | DC87: 981 | DE87: =DD87+DC87-CZ87 -> 369 | DF87: 1348 | DH87: =DG87+DF87-DC87 -> 367 | DI87: 155 | DJ87: 1560 | DK87: =DJ87+DI87-DF87 -> 367 | DL87: 521 | DN87: =DM87+DL87-DI87 -> 366 | DO87: 856 | DQ87: =DP87+DO87-DL87 -> 335
A88: 84 | B88: 330 | D88: 330 | E88: SC-1020 | F88: SC-1020 | G88: SC-1020 | H88: SC-1020 | I88: SC-1020 | J88: SC-1020 | K88: SC-1020 | L88: SC-1020 | M88: SC-1020 | N88: SC-1020 | O88: SC-1020 | P88: SC-1020 | Q88: SC-1020 | R88: SC-1020 | S88: SC-1020 | T88: SC-1020 | U88: SC-1020 | V88: SC-1020 | W88: SC-1020 | X88: SC-1020 | Y88: SC-1020 | Z88: SC-1020 | AA88: SC-1020 | AB88: SC-1020 | AC88: SC-1020 | AD88: SC-1020 | AE88: SC-1020 | AF88: 704 | AH88: =AG88+AF88-B88 -> 374 | AI88: 1069 | AK88: =AJ88+AI88-AF88 -> 365 | AO88: 1452 | AQ88: =AP88+AO88-AI88 -> 383 | AR88: 273 | AS88: 1560 | AT88: =AS88+AR88-AO88 -> 381 | AU88: 649 | AW88: =AV88+AU88-AR88 -> 376 | AX88: 1031 | AZ88: =AY88+AX88-AU88 -> 382 | BA88: 35 | BB88: 1369 | BC88: =BB88+BA88-AX88 -> 373 | BD88: 391 | BF88: =BE88+BD88-BA88 -> 356 | BJ88: 774 | BL88: =BK88+BJ88-BD88 -> 383 | BM88: 1155 | BO88: =BN88+BM88-BJ88 -> 381 | BP88: 1523 | BR88: =BQ88+BP88-BM88 -> 368 | BS88: 330 | BT88: 1560 | BU88: =BT88+BS88-BP88 -> 367 | BV88: 706 | BX88: =BW88+BV88-BS88 -> 376 | BY88: 15 | BZ88: 1041 | CA88: =BZ88+BY88-BV88 -> 350 | CE88: 390 | CG88: =CF88+CE88-BY88 -> 375 | CH88: 764 | CJ88: =CI88+CH88-CE88 -> 374 | CK88: 1110 | CM88: =CL88+CK88-CH88 -> 346 | CN88: 1450 | CP88: =CO88+CN88-CK88 -> 340 | CQ88: 230 | CR88: 1560 | CS88: =CR88+CQ88-CN88 -> 340 | CT88: 563 | CV88: =CU88+CT88-CQ88 -> 333 | CZ88: 0 | DA88: 664 | DB88: =DA88+CZ88-CT88 -> 101 | DC88: 237 | DE88: =DD88+DC88-CZ88 -> 237 | DF88: 608 | DH88: =DG88+DF88-DC88 -> 371 | DI88: 976 | DK88: =DJ88+DI88-DF88 -> 368 | DL88: 1345 | DN88: =DM88+DL88-DI88 -> 369 | DO88: 119 | DP88: 1560 | DQ88: =DP88+DO88-DL88 -> 334
A89: 85 | B89: 940 | D89: 331 | E89: ABZ85,DR794Z,DR856Z | F89: ABZ85,DR794Z,DR856Z | G89: ABZ85,DR794Z,DR856Z | H89: ABZ85,DR794Z,DR856Z | I89: DR1073Z,DR856Z | J89: DR1073Z,DR856Z | K89: DR1073Z,DR856Z | L89: DR1073Z,DR856Z | M89: DR1073Z,DR856Z | N89: DR1073Z,DR856Z | O89: DR1073Z,DR856Z | P89: DR1073Z,DR856Z | Q89: DR1073Z,DR856Z | R89: DR1073Z,DR856Z | S89: SC-1020 | T89: SC-1020 | U89: SC-1020 | V89: SC-1020 | W89: SC-1020 | X89: SC-1020 | Y89: SC-1020 | Z89: SC-1020 | AA89: SC-1020 | AB89: SC-1020 | AC89: SC-1020 | AD89: SC-1020 | AE89: SC-1020 | AF89: 88 | AG89: 1200 | AH89: =AG89+AF89-B89 -> 348 | AI89: 415 | AK89: =AJ89+AI89-AF89 -> 327 | AO89: 0 | AP89: 633 | AQ89: =AP89+AO89-AI89 -> 218 | AR89: 338 | AT89: =AS89+AR89-AO89 -> 338 | AU89: 682 | AW89: =AV89+AU89-AR89 -> 344 | AX89: 1031 | AZ89: =AY89+AX89-AU89 -> 349 | BA89: 176 | BB89: 1200 | BC89: =BB89+BA89-AX89 -> 345 | BD89: 506 | BF89: =BE89+BD89-BA89 -> 330 | BJ89: 852 | BL89: =BK89+BJ89-BD89 -> 346 | BM89: 0 | BN89: 855 | BO89: =BN89+BM89-BJ89 -> 3 | BP89: 0 | BR89: =BQ89+BP89-BM89 -> 0 | BS89: 0 | BU89: =BT89+BS89-BP89 -> 0 | BV89: 0 | BX89: =BW89+BV89-BS89 -> 0 | BY89: 0 | CA89: =BZ89+BY89-BV89 -> 0 | CE89: 0 | CG89: =CF89+CE89-BY89 -> 0 | CH89: 292 | CJ89: =CI89+CH89-CE89 -> 292 | CK89: 664 | CM89: =CL89+CK89-CH89 -> 372 | CN89: 1027 | CP89: =CO89+CN89-CK89 -> 363 | CQ89: 1388 | CS89: =CR89+CQ89-CN89 -> 361 | CT89: 158 | CU89: 1565 | CV89: =CU89+CT89-CQ89 -> 335 | CZ89: 527 | DB89: =DA89+CZ89-CT89 -> 369 | DC89: 896 | DE89: =DD89+DC89-CZ89 -> 369 | DF89: 1259 | DH89: =DG89+DF89-DC89 -> 363 | DI89: 68 | DJ89: 1560 | DK89: =DJ89+DI89-DF89 -> 369 | DL89: 443 | DN89: =DM89+DL89-DI89 -> 375 | DO89: 759 | DQ89: =DP89+DO89-DL89 -> 316
A90: 86 | B90: 189 | C90: 1560 | D90: 367 | E90: 011-3 | F90: 011-3 | G90: 011-3 | H90: 011-3 | I90: 011-3 | J90: 011-3 | K90: 011-3 | L90: 011-3 | M90: 011-3 | N90: 011-3 | O90: 011-3 | P90: 011-3 | Q90: 011-3 | R90: 011-3 | S90: 011-3 | T90: 011-3 | U90: 011-3 | V90: 011-3 | W90: 011-3 | X90: SC-1020 | Y90: SC-1020 | Z90: SC-1020 | AA90: SC-1020 | AB90: SC-1020 | AC90: SC-1020 | AD90: SC-1020 | AE90: SC-1020 | AF90: 166 | AG90: 395 | AH90: =AG90+AF90-B90 -> 372 | AI90: 517 | AK90: =AJ90+AI90-AF90 -> 351 | AO90: 882 | AQ90: =AP90+AO90-AI90 -> 365 | AR90: 1255 | AT90: =AS90+AR90-AO90 -> 373 | AU90: 322 | AV90: 1299 | AW90: =AV90+AU90-AR90 -> 366 | AX90: 698 | AZ90: =AY90+AX90-AU90 -> 376 | BA90: 1074 | BC90: =BB90+BA90-AX90 -> 376 | BD90: 327 | BE90: 1103 | BF90: =BE90+BD90-BA90 -> 356 | BJ90: 670 | BL90: =BK90+BJ90-BD90 -> 343 | BM90: 1044 | BO90: =BN90+BM90-BJ90 -> 374 | BP90: 1419 | BR90: =BQ90+BP90-BM90 -> 375 | BS90: 227 | BT90: 1560 | BU90: =BT90+BS90-BP90 -> 368 | BV90: 595 | BX90: =BW90+BV90-BS90 -> 368 | BY90: 319 | BZ90: 620 | CA90: =BZ90+BY90-BV90 -> 344 | CE90: 682 | CG90: =CF90+CE90-BY90 -> 363 | CH90: 343 | CI90: 700 | CJ90: =CI90+CH90-CE90 -> 361 | CK90: 319 | CL90: 367 | CM90: =CL90+CK90-CH90 -> 343 | CN90: 0 | CO90: 520 | CP90: =CO90+CN90-CK90 -> 201 | CQ90: 237 | CS90: =CR90+CQ90-CN90 -> 237 | CT90: 583 | CV90: =CU90+CT90-CQ90 -> 346 | CZ90: 944 | DB90: =DA90+CZ90-CT90 -> 361 | DC90: 1309 | DE90: =DD90+DC90-CZ90 -> 365 | DF90: 236 | DG90: 1423 | DH90: =DG90+DF90-DC90 -> 350 | DI90: 28 | DJ90: 560 | DK90: =DJ90+DI90-DF90 -> 352 | DL90: 100 | DM90: 291 | DN90: =DM90+DL90-DI90 -> 363 | DO90: 432 | DQ90: =DP90+DO90-DL90 -> 332
A91: 87 | B91: 741 | D91: 311 | E91: DR1073Z,DR856Z | F91: DR1073Z,DR856Z | G91: DR1073Z,DR856Z | H91: DR1073Z,DR856Z | I91: DR1073Z,DR856Z | J91: DR1073Z,DR856Z | K91: DR1073Z,DR856Z | L91: DR1073Z,DR856Z | M91: DR1073Z,DR856Z | N91: DR1073Z,DR856Z | O91: DR1073Z,DR856Z | P91: DR1073Z,DR856Z | Q91: DR1073Z,DR856Z | R91: DR1073Z,DR856Z | S91: SC-1020 | T91: SC-1020 | U91: SC-1020 | V91: SC-1020 | W91: SC-1020 | X91: SC-1020 | Y91: SC-1020 | Z91: SC-1020 | AA91: SC-1020 | AB91: SC-1020 | AC91: SC-1020 | AD91: SC-1020 | AE91: SC-1020 | AF91: 1078 | AH91: =AG91+AF91-B91 -> 337 | AI91: 321 | AJ91: 1091 | AK91: =AJ91+AI91-AF91 -> 334 | AO91: 670 | AQ91: =AP91+AO91-AI91 -> 349 | AR91: 1016 | AT91: =AS91+AR91-AO91 -> 346 | AU91: 164 | AV91: 1200 | AW91: =AV91+AU91-AR91 -> 348 | AX91: 508 | AZ91: =AY91+AX91-AU91 -> 344 | BA91: 858 | BC91: =BB91+BA91-AX91 -> 350 | BD91: 242 | BE91: 948 | BF91: =BE91+BD91-BA91 -> 332 | BJ91: 592 | BL91: =BK91+BJ91-BD91 -> 350 | BM91: 939 | BO91: =BN91+BM91-BJ91 -> 347 | BP91: 116 | BQ91: 1171 | BR91: =BQ91+BP91-BM91 -> 348 | BS91: 0 | BT91: 295 | BU91: =BT91+BS91-BP91 -> 179 | BV91: 0 | BX91: =BW91+BV91-BS91 -> 0 | BY91: 0 | CA91: =BZ91+BY91-BV91 -> 0 | CE91: 0 | CG91: =CF91+CE91-BY91 -> 0 | CH91: 283 | CJ91: =CI91+CH91-CE91 -> 283 | CK91: 636 | CM91: =CL91+CK91-CH91 -> 353 | CN91: 990 | CP91: =CO91+CN91-CK91 -> 354 | CQ91: 1360 | CS91: =CR91+CQ91-CN91 -> 370 | CT91: 132 | CU91: 1560 | CV91: =CU91+CT91-CQ91 -> 332 | CZ91: 496 | DB91: =DA91+CZ91-CT91 -> 364 | DC91: 852 | DE91: =DD91+DC91-CZ91 -> 356 | DF91: 1209 | DH91: =DG91+DF91-DC91 -> 357 | DI91: 6 | DJ91: 1560 | DK91: =DJ91+DI91-DF91 -> 357 | DL91: 364 | DN91: =DM91+DL91-DI91 -> 358 | DO91: 686 | DQ91: =DP91+DO91-DL91 -> 322
A92: 88 | B92: 12 | C92: 1560 | D92: 369 | E92: SC-1020 | F92: SC-1020 | G92: SC-1020 | H92: SC-1020 | I92: SC-1020 | J92: SC-1020 | K92: SC-1020 | L92: SC-1020 | M92: SC-1020 | N92: SC-1020 | O92: SC-1020 | P92: SC-1020 | Q92: SC-1020 | R92: SC-1020 | S92: 011-4 | T92: 011-4 | U92: 011-4 | V92: 011-4 | W92: 011-4 | X92: 011-4 | Y92: 011-4 | Z92: 011-4 | AA92: 011-4 | AB92: 011-4 | AC92: 011-4 | AD92: 011-4 | AE92: 011-4 | AF92: 400 | AH92: =AG92+AF92-B92 -> 388 | AI92: 758 | AK92: =AJ92+AI92-AF92 -> 358 | AO92: 1127 | AQ92: =AP92+AO92-AI92 -> 369 | AR92: 1504 | AT92: =AS92+AR92-AO92 -> 377 | AU92: 318 | AV92: 1560 | AW92: =AV92+AU92-AR92 -> 374 | AX92: 693 | AZ92: =AY92+AX92-AU92 -> 375 | BA92: 1068 | BC92: =BB92+BA92-AX92 -> 375 | BD92: 1425 | BF92: =BE92+BD92-BA92 -> 357 | BJ92: 239 | BK92: 1560 | BL92: =BK92+BJ92-BD92 -> 374 | BM92: 614 | BO92: =BN92+BM92-BJ92 -> 375 | BP92: 990 | BR92: =BQ92+BP92-BM92 -> 376 | BS92: 1362 | BU92: =BT92+BS92-BP92 -> 372 | BV92: 0 | BW92: 1373 | BX92: =BW92+BV92-BS92 -> 11 | BY92: 0 | CA92: =BZ92+BY92-BV92 -> 0 | CE92: 236 | CG92: =CF92+CE92-BY92 -> 236 | CH92: 619 | CJ92: =CI92+CH92-CE92 -> 383 | CK92: 1000 | CM92: =CL92+CK92-CH92 -> 381 | CN92: 1379 | CP92: =CO92+CN92-CK92 -> 379 | CQ92: 293 | CR92: 1461 | CS92: =CR92+CQ92-CN92 -> 375 | CT92: 652 | CV92: =CU92+CT92-CQ92 -> 359 | CZ92: 1034 | DB92: =DA92+CZ92-CT92 -> 382 | DC92: 1413 | DE92: =DD92+DC92-CZ92 -> 379 | DF92: 225 | DG92: 1560 | DH92: =DG92+DF92-DC92 -> 372 | DI92: 593 | DK92: =DJ92+DI92-DF92 -> 368 | DL92: 972 | DN92: =DM92+DL92-DI92 -> 379 | DO92: 1318 | DQ92: =DP92+DO92-DL92 -> 346
A93: 89 | B93: 641 | D93: 364 | E93: SC-1020 | F93: SC-1020 | G93: SC-1020 | H93: SC-1020 | I93: SC-1020 | J93: SC-1020 | K93: SC-1020 | L93: SC-1020 | M93: SC-1020 | N93: SC-1020 | O93: SC-1020 | P93: SC-1020 | Q93: SC-1020 | R93: SC-1020 | S93: SC-1020 | T93: SC-1020 | U93: SC-1020 | V93: SC-1020 | W93: SC-1020 | X93: SC-1020 | Y93: SC-1020 | Z93: SC-1020 | AA93: SC-1020 | AB93: SC-1020 | AC93: SC-1020 | AD93: SC-1020 | AE93: SC-1020 | AF93: 1020 | AH93: =AG93+AF93-B93 -> 379 | AI93: 13 | AJ93: 1354 | AK93: =AJ93+AI93-AF93 -> 347 | AO93: 383 | AQ93: =AP93+AO93-AI93 -> 370 | AR93: 739 | AT93: =AS93+AR93-AO93 -> 356 | AU93: 1092 | AW93: =AV93+AU93-AR93 -> 353 | AX93: 1465 | AZ93: =AY93+AX93-AU93 -> 373 | BA93: 273 | BB93: 1560 | BC93: =BB93+BA93-AX93 -> 368 | BD93: 633 | BF93: =BE93+BD93-BA93 -> 360 | BJ93: 1004 | BL93: =BK93+BJ93-BD93 -> 371 | BM93: 1362 | BO93: =BN93+BM93-BJ93 -> 358 | BP93: 165 | BQ93: 1560 | BR93: =BQ93+BP93-BM93 -> 363 | BS93: 530 | BU93: =BT93+BS93-BP93 -> 365 | BV93: 887 | BX93: =BW93+BV93-BS93 -> 357 | BY93: 1235 | CA93: =BZ93+BY93-BV93 -> 348 | CE93: 1584 | CG93: =CF93+CE93-BY93 -> 349 | CH93: 1661 | CJ93: =CI93+CH93-CE93 -> 77 | CK93: 1661 | CM93: =CL93+CK93-CH93 -> 0 | CN93: 0 | CO93: 1825 | CP93: =CO93+CN93-CK93 -> 164 | CQ93: 317 | CS93: =CR93+CQ93-CN93 -> 317 | CT93: 643 | CV93: =CU93+CT93-CQ93 -> 326 | CZ93: 1008 | DB93: =DA93+CZ93-CT93 -> 365 | DC93: 1367 | DE93: =DD93+DC93-CZ93 -> 359 | DF93: 166 | DG93: 1560 | DH93: =DG93+DF93-DC93 -> 359 | DI93: 526 | DK93: =DJ93+DI93-DF93 -> 360 | DL93: 885 | DN93: =DM93+DL93-DI93 -> 359 | DO93: 1211 | DQ93: =DP93+DO93-DL93 -> 326
A94: 90 | B94: 953 | D94: 368 | E94: SC-1020 | F94: SC-1020 | G94: SC-1020 | H94: SC-1020 | I94: SC-1020 | J94: SC-1020 | K94: SC-1020 | L94: SC-1020 | M94: SC-1020 | N94: SC-1020 | O94: SC-1020 | P94: SC-1020 | Q94: SC-1020 | R94: SC-1020 | S94: SC-1020 | T94: SC-1020 | U94: 011-4 | V94: 011-4 | W94: 011-4 | X94: 011-4 | Y94: 011-4 | Z94: 011-4 | AA94: 011-4 | AB94: 011-4 | AC94: 011-4 | AD94: 011-4 | AE94: 011-4 | AF94: 1340 | AH94: =AG94+AF94-B94 -> 387 | AI94: 136 | AJ94: 1560 | AK94: =AJ94+AI94-AF94 -> 356 | AO94: 512 | AQ94: =AP94+AO94-AI94 -> 376 | AR94: 885 | AT94: =AS94+AR94-AO94 -> 373 | AU94: 1251 | AW94: =AV94+AU94-AR94 -> 366 | AX94: 64 | AY94: 1560 | AZ94: =AY94+AX94-AU94 -> 373 | BA94: 433 | BC94: =BB94+BA94-AX94 -> 369 | BD94: 794 | BF94: =BE94+BD94-BA94 -> 361 | BJ94: 1166 | BL94: =BK94+BJ94-BD94 -> 372 | BM94: 1532 | BO94: =BN94+BM94-BJ94 -> 366 | BP94: 341 | BQ94: 1560 | BR94: =BQ94+BP94-BM94 -> 369 | BS94: 704 | BU94: =BT94+BS94-BP94 -> 363 | BV94: 1081 | BX94: =BW94+BV94-BS94 -> 377 | BY94: 1428 | CA94: =BZ94+BY94-BV94 -> 347 | CE94: 0 | CF94: 1629 | CG94: =CF94+CE94-BY94 -> 201 | CH94: 322 | CJ94: =CI94+CH94-CE94 -> 322 | CK94: 694 | CM94: =CL94+CK94-CH94 -> 372 | CN94: 1064 | CP94: =CO94+CN94-CK94 -> 370 | CQ94: 1433 | CS94: =CR94+CQ94-CN94 -> 369 | CT94: 221 | CU94: 1560 | CV94: =CU94+CT94-CQ94 -> 348 | CZ94: 586 | DB94: =DA94+CZ94-CT94 -> 365 | DC94: 954 | DE94: =DD94+DC94-CZ94 -> 368 | DF94: 1323 | DH94: =DG94+DF94-DC94 -> 369 | DI94: 133 | DJ94: 1537 | DK94: =DJ94+DI94-DF94 -> 347 | DL94: 477 | DN94: =DM94+DL94-DI94 -> 344 | DO94: 306 | DP94: 488 | DQ94: =DP94+DO94-DL94 -> 317
A95: 91 | B95: 286 | C95: 1560 | D95: 359 | E95: 011-3 | F95: 011-3 | G95: 011-3 | H95: 011-3 | I95: 011-3 | J95: 011-3 | K95: 011-3 | L95: 011-3 | M95: 011-3 | N95: 011-3 | O95: 011-3 | P95: 011-3 | Q95: 011-3 | R95: 011-3 | S95: 011-3 | T95: 011-3 | U95: 011-3 | V95: 011-3 | W95: 011-3 | X95: SC-1020 | Y95: SC-1020 | Z95: SC-1020 | AA95: SC-1020 | AB95: SC-1020 | AC95: SC-1020 | AD95: SC-1020 | AE95: SC-1020 | AF95: 668 | AH95: =AG95+AF95-B95 -> 382 | AI95: 1018 | AK95: =AJ95+AI95-AF95 -> 350 | AO95: 298 | AP95: 1073 | AQ95: =AP95+AO95-AI95 -> 353 | AR95: 668 | AT95: =AS95+AR95-AO95 -> 370 | AU95: 1041 | AW95: =AV95+AU95-AR95 -> 373 | AX95: 1411 | AZ95: =AY95+AX95-AU95 -> 370 | BA95: 219 | BB95: 1560 | BC95: =BB95+BA95-AX95 -> 368 | BD95: 577 | BF95: =BE95+BD95-BA95 -> 358 | BJ95: 951 | BL95: =BK95+BJ95-BD95 -> 374 | BM95: 1318 | BO95: =BN95+BM95-BJ95 -> 367 | BP95: 129 | BQ95: 1560 | BR95: =BQ95+BP95-BM95 -> 371 | BS95: 491 | BU95: =BT95+BS95-BP95 -> 362 | BV95: 869 | BX95: =BW95+BV95-BS95 -> 378 | BY95: 1206 | CA95: =BZ95+BY95-BV95 -> 337 | CE95: 16 | CF95: 1560 | CG95: =CF95+CE95-BY95 -> 370 | CH95: 379 | CJ95: =CI95+CH95-CE95 -> 363 | CK95: 726 | CM95: =CL95+CK95-CH95 -> 347 | CN95: 0 | CO95: 836 | CP95: =CO95+CN95-CK95 -> 110 | CQ95: 332 | CS95: =CR95+CQ95-CN95 -> 332 | CT95: 672 | CV95: =CU95+CT95-CQ95 -> 340 | CZ95: 1030 | DB95: =DA95+CZ95-CT95 -> 358 | DC95: 1384 | DE95: =DD95+DC95-CZ95 -> 354 | DF95: 179 | DG95: 1560 | DH95: =DG95+DF95-DC95 -> 355 | DI95: 537 | DK95: =DJ95+DI95-DF95 -> 358 | DL95: 888 | DN95: =DM95+DL95-DI95 -> 351 | DO95: 201 | DP95: 1006 | DQ95: =DP95+DO95-DL95 -> 319
A96: 92 | B96: 719 | D96: 331 | E96: ABZ85,DR794Z,DR856Z | F96: ABZ85,DR794Z,DR856Z | G96: ABZ85,DR794Z,DR856Z | H96: ABZ85,DR794Z,DR856Z | I96: ABZ85,DR794Z,DR856Z | J96: ABZ85,DR794Z,DR856Z | K96: 011-3 | L96: 011-3 | M96: 011-3 | N96: 011-3 | O96: 011-3 | P96: 011-3 | Q96: 011-3 | R96: 011-3 | S96: 011-3 | T96: 011-3 | U96: 011-3 | V96: 011-3 | W96: 011-3 | X96: 011-3 | Y96: 011-3 | Z96: 011-3 | AA96: 011-3 | AB96: SC-1020 | AC96: SC-1020 | AD96: SC-1020 | AE96: SC-1020 | AF96: 1068 | AH96: =AG96+AF96-B96 -> 349 | AI96: 201 | AJ96: 1200 | AK96: =AJ96+AI96-AF96 -> 333 | AO96: 550 | AQ96: =AP96+AO96-AI96 -> 349 | AR96: 899 | AT96: =AS96+AR96-AO96 -> 349 | AU96: 0 | AV96: 1187 | AW96: =AV96+AU96-AR96 -> 288 | AX96: 351 | AZ96: =AY96+AX96-AU96 -> 351 | BA96: 725 | BC96: =BB96+BA96-AX96 -> 374 | BD96: 1080 | BF96: =BE96+BD96-BA96 -> 355 | BJ96: 1450 | BL96: =BK96+BJ96-BD96 -> 370 | BM96: 262 | BN96: 1560 | BO96: =BN96+BM96-BJ96 -> 372 | BP96: 634 | BR96: =BQ96+BP96-BM96 -> 372 | BS96: 1007 | BU96: =BT96+BS96-BP96 -> 373 | BV96: 1376 | BX96: =BW96+BV96-BS96 -> 369 | BY96: 163 | BZ96: 1560 | CA96: =BZ96+BY96-BV96 -> 347 | CE96: 533 | CG96: =CF96+CE96-BY96 -> 370 | CH96: 158 | CI96: 741 | CJ96: =CI96+CH96-CE96 -> 366 | CK96: 522 | CM96: =CL96+CK96-CH96 -> 364 | CN96: 889 | CP96: =CO96+CN96-CK96 -> 367 | CQ96: 1250 | CS96: =CR96+CQ96-CN96 -> 361 | CT96: 33 | CU96: 1560 | CV96: =CU96+CT96-CQ96 -> 343 | CZ96: 405 | DB96: =DA96+CZ96-CT96 -> 372 | DC96: 0 | DD96: 515 | DE96: =DD96+DC96-CZ96 -> 110 | DF96: 295 | DH96: =DG96+DF96-DC96 -> 295 | DI96: 681 | DK96: =DJ96+DI96-DF96 -> 386 | DL96: 1069 | DN96: =DM96+DL96-DI96 -> 388 | DO96: 1413 | DQ96: =DP96+DO96-DL96 -> 344
A97: 93 | B97: 921 | D97: 320 | E97: ABZ85,DR794Z,DR856Z | F97: ABZ85,DR794Z,DR856Z | G97: ABZ85,DR794Z,DR856Z | H97: ABZ85,DR794Z,DR856Z | I97: ABZ85,DR794Z,DR856Z | J97: DR1073Z,DR856Z | K97: DR1073Z,DR856Z | L97: DR1073Z,DR856Z | M97: DR1073Z,DR856Z | N97: 011-3 | O97: 011-3 | P97: 011-3 | Q97: 011-3 | R97: 011-3 | S97: 011-3 | T97: 011-3 | U97: 011-3 | V97: 011-3 | W97: 011-3 | X97: 011-3 | Y97: 011-3 | Z97: 011-3 | AA97: 011-3 | AB97: 011-3 | AC97: 011-3 | AD97: 011-3 | AE97: 011-3 | AF97: 62 | AG97: 1200 | AH97: =AG97+AF97-B97 -> 341 | AI97: 388 | AK97: =AJ97+AI97-AF97 -> 326 | AO97: 731 | AQ97: =AP97+AO97-AI97 -> 343 | AR97: 0 | AS97: 1065 | AT97: =AS97+AR97-AO97 -> 334 | AU97: 335 | AW97: =AV97+AU97-AR97 -> 335 | AX97: 681 | AZ97: =AY97+AX97-AU97 -> 346 | BA97: 1026 | BC97: =BB97+BA97-AX97 -> 345 | BD97: 0 | BE97: 1103 | BF97: =BE97+BD97-BA97 -> 77 | BJ97: 262 | BL97: =BK97+BJ97-BD97 -> 262 | BM97: 613 | BO97: =BN97+BM97-BJ97 -> 351 | BP97: 960 | BR97: =BQ97+BP97-BM97 -> 347 | BS97: 1316 | BU97: =BT97+BS97-BP97 -> 356 | BV97: 106 | BW97: 1567 | BX97: =BW97+BV97-BS97 -> 357 | BY97: 440 | CA97: =BZ97+BY97-BV97 -> 334 | CE97: 785 | CG97: =CF97+CE97-BY97 -> 345 | CH97: 1139 | CJ97: =CI97+CH97-CE97 -> 354 | CK97: 1481 | CM97: =CL97+CK97-CH97 -> 342 | CN97: 283 | CO97: 1560 | CP97: =CO97+CN97-CK97 -> 362 | CQ97: 638 | CS97: =CR97+CQ97-CN97 -> 355 | CT97: 977 | CV97: =CU97+CT97-CQ97 -> 339 | CZ97: 1333 | DB97: =DA97+CZ97-CT97 -> 356 | DC97: 308 | DD97: 1379 | DE97: =DD97+DC97-CZ97 -> 354 | DF97: 670 | DH97: =DG97+DF97-DC97 -> 362 | DI97: 1033 | DK97: =DJ97+DI97-DF97 -> 363 | DL97: 1390 | DN97: =DM97+DL97-DI97 -> 357 | DO97: 157 | DP97: 1560 | DQ97: =DP97+DO97-DL97 -> 327
A98: 94 | B98: 779 | D98: 374 | E98: SC-1020 | F98: SC-1020 | G98: SC-1020 | H98: SC-1020 | I98: SC-1020 | J98: SC-1020 | K98: SC-1020 | L98: SC-1020 | M98: SC-1020 | N98: SC-1020 | O98: SC-1020 | P98: SC-1020 | Q98: SC-1020 | R98: SC-1020 | S98: SC-1020 | T98: SC-1020 | U98: SC-1020 | V98: SC-1020 | W98: SC-1020 | X98: SC-1020 | Y98: SC-1020 | Z98: SC-1020 | AA98: SC-1020 | AB98: SC-1020 | AC98: SC-1020 | AD98: SC-1020 | AE98: SC-1020 | AF98: 1172 | AH98: =AG98+AF98-B98 -> 393 | AI98: 1548 | AK98: =AJ98+AI98-AF98 -> 376 | AO98: 380 | AP98: 1560 | AQ98: =AP98+AO98-AI98 -> 392 | AR98: 777 | AT98: =AS98+AR98-AO98 -> 397 | AU98: 1168 | AW98: =AV98+AU98-AR98 -> 391 | AX98: 2 | AY98: 1560 | AZ98: =AY98+AX98-AU98 -> 394 | BA98: 391 | BC98: =BB98+BA98-AX98 -> 389 | BD98: 748 | BF98: =BE98+BD98-BA98 -> 357 | BJ98: 1128 | BL98: =BK98+BJ98-BD98 -> 380 | BM98: 1501 | BO98: =BN98+BM98-BJ98 -> 373 | BP98: 306 | BQ98: 1560 | BR98: =BQ98+BP98-BM98 -> 365 | BS98: 683 | BU98: =BT98+BS98-BP98 -> 377 | BV98: 1062 | BX98: =BW98+BV98-BS98 -> 379 | BY98: 1422 | CA98: =BZ98+BY98-BV98 -> 360 | CE98: 232 | CF98: 1560 | CG98: =CF98+CE98-BY98 -> 370 | CH98: 245 | CI98: 351 | CJ98: =CI98+CH98-CE98 -> 364 | CK98: 621 | CM98: =CL98+CK98-CH98 -> 376 | CN98: 0 | CO98: 958 | CP98: =CO98+CN98-CK98 -> 337 | CQ98: 286 | CS98: =CR98+CQ98-CN98 -> 286 | CT98: 639 | CV98: =CU98+CT98-CQ98 -> 353 | CZ98: 1022 | DB98: =DA98+CZ98-CT98 -> 383 | DC98: 1402 | DE98: =DD98+DC98-CZ98 -> 380 | DF98: 222 | DG98: 1560 | DH98: =DG98+DF98-DC98 -> 380 | DI98: 597 | DK98: =DJ98+DI98-DF98 -> 375 | DL98: 163 | DM98: 802 | DN98: =DM98+DL98-DI98 -> 368 | DO98: 501 | DQ98: =DP98+DO98-DL98 -> 338
A99: 95 | B99: 1085 | D99: 331 | E99: ABZ85,DR794Z,DR856Z | F99: DR1073Z,DR856Z | G99: DR1073Z,DR856Z | H99: DR1073Z,DR856Z | I99: DR1073Z,DR856Z | J99: DR1073Z,DR856Z | K99: DR1073Z,DR856Z | L99: DR1073Z,DR856Z | M99: DR1073Z,DR856Z | N99: DR1073Z,DR856Z | O99: DR1073Z,DR856Z | P99: DR1073Z,DR856Z | Q99: DR1073Z,DR856Z | R99: DR1073Z,DR856Z | S99: SC-1020 | T99: SC-1020 | U99: SC-1020 | V99: SC-1020 | W99: SC-1020 | X99: SC-1020 | Y99: SC-1020 | Z99: SC-1020 | AA99: SC-1020 | AB99: SC-1020 | AC99: SC-1020 | AD99: SC-1020 | AE99: SC-1020 | AF99: 243 | AG99: 1164 | AH99: =AG99+AF99-B99 -> 322 | AI99: 575 | AK99: =AJ99+AI99-AF99 -> 332 | AO99: 924 | AQ99: =AP99+AO99-AI99 -> 349 | AR99: 75 | AS99: 1200 | AT99: =AS99+AR99-AO99 -> 351 | AU99: 422 | AW99: =AV99+AU99-AR99 -> 347 | AX99: 773 | AZ99: =AY99+AX99-AU99 -> 351 | BA99: 1120 | BC99: =BB99+BA99-AX99 -> 347 | BD99: 274 | BE99: 1180 | BF99: =BE99+BD99-BA99 -> 334 | BJ99: 622 | BL99: =BK99+BJ99-BD99 -> 348 | BM99: 0 | BN99: 625 | BO99: =BN99+BM99-BJ99 -> 3 | BP99: 0 | BR99: =BQ99+BP99-BM99 -> 0 | BS99: 0 | BU99: =BT99+BS99-BP99 -> 0 | BV99: 0 | BX99: =BW99+BV99-BS99 -> 0 | BY99: 0 | CA99: =BZ99+BY99-BV99 -> 0 | CE99: 0 | CG99: =CF99+CE99-BY99 -> 0 | CH99: 303 | CJ99: =CI99+CH99-CE99 -> 303 | CK99: 679 | CM99: =CL99+CK99-CH99 -> 376 | CN99: 1048 | CP99: =CO99+CN99-CK99 -> 369 | CQ99: 1415 | CS99: =CR99+CQ99-CN99 -> 367 | CT99: 253 | CU99: 1506 | CV99: =CU99+CT99-CQ99 -> 344 | CZ99: 619 | DB99: =DA99+CZ99-CT99 -> 366 | DC99: 988 | DE99: =DD99+DC99-CZ99 -> 369 | DF99: 1358 | DH99: =DG99+DF99-DC99 -> 370 | DI99: 160 | DJ99: 1560 | DK99: =DJ99+DI99-DF99 -> 362 | DL99: 528 | DN99: =DM99+DL99-DI99 -> 368 | DO99: 863 | DQ99: =DP99+DO99-DL99 -> 335
A100: 96 | B100: 1388 | D100: 343 | E100: 011-3 | F100: 011-3 | G100: 011-3 | H100: 011-3 | I100: 011-3 | J100: 011-3 | K100: 011-3 | L100: 011-3 | M100: 011-3 | N100: 011-3 | O100: 011-3 | P100: 011-3 | Q100: 011-3 | R100: 011-3 | S100: 011-3 | T100: 011-3 | U100: 011-3 | V100: 011-3 | W100: 011-3 | X100: 011-3 | Y100: SC-1020 | Z100: SC-1020 | AA100: SC-1020 | AB100: SC-1020 | AC100: SC-1020 | AD100: SC-1020 | AE100: SC-1020 | AF100: 248 | AG100: 1515 | AH100: =AG100+AF100-B100 -> 375 | AI100: 614 | AK100: =AJ100+AI100-AF100 -> 366 | AO100: 1001 | AQ100: =AP100+AO100-AI100 -> 387 | AR100: 1390 | AT100: =AS100+AR100-AO100 -> 389 | AU100: 163 | AV100: 1560 | AW100: =AV100+AU100-AR100 -> 333 | AX100: 538 | AZ100: =AY100+AX100-AU100 -> 375 | BA100: 913 | BC100: =BB100+BA100-AX100 -> 375 | BD100: 1276 | BF100: =BE100+BD100-BA100 -> 363 | BJ100: 80 | BK100: 1560 | BL100: =BK100+BJ100-BD100 -> 364 | BM100: 101 | BN100: 334 | BO100: =BN100+BM100-BJ100 -> 355 | BP100: 451 | BR100: =BQ100+BP100-BM100 -> 350 | BS100: 820 | BU100: =BT100+BS100-BP100 -> 369 | BV100: 1191 | BX100: =BW100+BV100-BS100 -> 371 | BY100: 1536 | CA100: =BZ100+BY100-BV100 -> 345 | CE100: 318 | CF100: 1560 | CG100: =CF100+CE100-BY100 -> 342 | CH100: 688 | CJ100: =CI100+CH100-CE100 -> 370 | CK100: 1054 | CM100: =CL100+CK100-CH100 -> 366 | CN100: 1424 | CP100: =CO100+CN100-CK100 -> 370 | CQ100: 0 | CR100: 1615 | CS100: =CR100+CQ100-CN100 -> 191 | CT100: 317 | CV100: =CU100+CT100-CQ100 -> 317 | CZ100: 692 | DB100: =DA100+CZ100-CT100 -> 375 | DC100: 1066 | DE100: =DD100+DC100-CZ100 -> 374 | DF100: 1439 | DH100: =DG100+DF100-DC100 -> 373 | DI100: 255 | DJ100: 1560 | DK100: =DJ100+DI100-DF100 -> 376 | DL100: 628 | DN100: =DM100+DL100-DI100 -> 373 | DO100: 967 | DQ100: =DP100+DO100-DL100 -> 339
A101: 97 | B101: 291 | C101: 1562 | D101: 363 | E101: 011-3 | F101: 011-3 | G101: 011-3 | H101: 011-3 | I101: 011-3 | J101: 011-3 | K101: 011-3 | L101: 011-3 | M101: 011-3 | N101: 011-3 | O101: 011-3 | P101: 011-3 | Q101: 011-3 | R101: 011-3 | S101: 011-3 | T101: 011-3 | U101: 011-3 | V101: 011-3 | W101: 011-3 | X101: SC-1020 | Y101: SC-1020 | Z101: SC-1020 | AA101: SC-1020 | AB101: SC-1020 | AC101: SC-1020 | AD101: SC-1020 | AE101: SC-1020 | AF101: 674 | AH101: =AG101+AF101-B101 -> 383 | AI101: 1031 | AK101: =AJ101+AI101-AF101 -> 357 | AO101: 1407 | AQ101: =AP101+AO101-AI101 -> 376 | AR101: 223 | AS101: 1560 | AT101: =AS101+AR101-AO101 -> 376 | AU101: 579 | AW101: =AV101+AU101-AR101 -> 356 | AX101: 941 | AZ101: =AY101+AX101-AU101 -> 362 | BA101: 1304 | BC101: =BB101+BA101-AX101 -> 363 | BD101: 90 | BE101: 1560 | BF101: =BE101+BD101-BA101 -> 346 | BJ101: 455 | BL101: =BK101+BJ101-BD101 -> 365 | BM101: 818 | BO101: =BN101+BM101-BJ101 -> 363 | BP101: 1182 | BR101: =BQ101+BP101-BM101 -> 364 | BS101: 1546 | BU101: =BT101+BS101-BP101 -> 364 | BV101: 352 | BW101: 1560 | BX101: =BW101+BV101-BS101 -> 366 | BY101: 697 | CA101: =BZ101+BY101-BV101 -> 345 | CE101: 1060 | CG101: =CF101+CE101-BY101 -> 363 | CH101: 1426 | CJ101: =CI101+CH101-CE101 -> 366 | CK101: 332 | CL101: 1440 | CM101: =CL101+CK101-CH101 -> 346 | CN101: 0 | CO101: 464 | CP101: =CO101+CN101-CK101 -> 132 | CQ101: 260 | CS101: =CR101+CQ101-CN101 -> 260 | CT101: 598 | CV101: =CU101+CT101-CQ101 -> 338 | CZ101: 963 | DB101: =DA101+CZ101-CT101 -> 365 | DC101: 1316 | DE101: =DD101+DC101-CZ101 -> 353 | DF101: 115 | DG101: 1560 | DH101: =DG101+DF101-DC101 -> 359 | DI101: 480 | DK101: =DJ101+DI101-DF101 -> 365 | DL101: 831 | DN101: =DM101+DL101-DI101 -> 351 | DO101: 1156 | DQ101: =DP101+DO101-DL101 -> 325
...

Sheet Total Jan
A2: 날짜 | B2: MODEL | C2: 원단 스펙 | D2: LOT | E2: COLOR | F2: WIDTH | G2: 경사입고(KG) Nhập sợi dọc | H2: 위사 입고(KG) Nhập sợi ngang | I2: CC사 입고 Nhập sợi CC | J2: LENO사 입고 Nhập sợi Leno | K2: 상대+연경 | L2: 상대빔 | M2: 경사빔 재고 | N2: 경사빔 | O2: 절포수량 | P2: 생산수량 | Q2: M/C 개수 | R2: TOTAL | T2: 출고수량 Xuất vải | U2: 생지불량 Vải lỗi | V2: 재고수량 Tồn kho | W2: 기타
R3: 절포 | S3: 생산
A4: 46024 | B4: SKUBB | C4: FDY 130D, 53T(28*25th/CM) Recycle 65" PU 1TIME | D4: SC-1020 | E4: WHITE | F4: 65" | G4: 5498.1 | H4: 5744 | K4: 32000 | L4: 4 | M4: 87900 | N4: 11 | O4: =Jan!AG272 -> 17713 | P4: =Jan!AH272 -> 32991 | Q4: =Jan!AF272 -> 89 | R4: =Jan!AG296 -> 75189 | S4: =Jan!AH296 -> 84358 | T4: 9539 | U4: 10 | V4: =O4-T4-U4+15753 -> 23917
D5: 011-3 | E5: GREY | F5: 61" | O5: =Jan!AG273 -> 9542 | P5: =Jan!AH273 -> 4493 | Q5: =Jan!AF273 -> 11 | T5: 17308 | V5: =O5-T5-U5+9488 -> 1722
D6: 011-3 | F6: 65" | K6: 55500 | L6: 7 | M6: 103500 | N6: 13 | O6: =Jan!AG274 -> 12737 | P6: =Jan!AH274 -> 14058 | Q6: =Jan!AF274 -> 39 | T6: 18665 | U6: 30 | V6: =O6-T6-U6+7175 -> 1217
D7: 011-4 | H7: 3037.5
B8: DRONA | C8: Microfiber 75d*150d, 87T(53*34th/CM) Recycle 66.5" | D8: AAZ43 | E8: WHITE | F8: 66.5" | G8: 8223.12 | M8: 105900 | N8: 21 | O8: =Jan!AG280 -> 17551 | P8: =Jan!AH280 -> 11472 | Q8: =Jan!AF280 -> 48 | T8: 6240 | V8: =O8-T8-U8+69404 -> 80715
D9: AAZ86 | H9: 3402
D10: 1800A | E10: GREY | F10: 66.5" | M10: 15000 | N10: 3 | O10: =Jan!AG281 -> 1863 | P10: =Jan!AH281 -> 4077 | Q10: =Jan!AF281 -> 17 | V10: =O10-T10-U10+3651 -> 5514
D11: 1801D | H11: 1980
D12: DJ-234 | E12: BLACK | F12: 66.5" | K12: 10000 | L12: 2 | M12: 30000 | N12: 6 | P12: =Jan!AH282 -> 1069 | Q12: =Jan!AF282 -> 5 | V12: =O12-T12-U12+1000 -> 1000
D13: DJ-232A
B14: STUK | C14: P/Rip DTY, 125D*250D 129T(70*59T) Recycle 67" PU 1TIME | D14: ABZ85,DR856Z | E14: CHECK BLACK | F14: 67" | T14: 1926
D15: ABZ85,DR794Z,DR856Z | F15: 67" | O15: =Jan!AG277 -> 8685 | P15: =Jan!AH277 -> 5342 | Q15: =Jan!AF277 -> 16 | V15: =O15-T15-U15+3300 -> 11985
D16: DR1073Z,DR856Z | F16: 67" | K16: 18000 | L16: 3 | M16: 57800 | N16: 10 | O16: =Jan!AG278 -> 7098 | P16: =Jan!AH278 -> 10230 | Q16: =Jan!AF278 -> 30 | T16: 7092 | V16: =O16-T16-U16+1697 -> 1703
D17: DR1073Z | E17: WHITE | H17: 979.8
D18: DR1075Z | E18: BLACK | H18: 642.6
B19: WALMART | C19: P/OX 600D*300D, 64T, 135GR/SQM, recycle 67% | D19: ACZ07 | E19: WHITE | F19: 56" | H19: 192.6 | P19: =Jan!AH295 -> 354 | Q19: =Jan!AF295 -> 1 | T19: 500
B20: HOVLIG | C20: P/DTY 300D*P/SPUN 16'S | D20: ACZ07 | F20: 56" | V20: =O20-T20-U20+43 -> 43
B21: INNER CUSHION | C21: P/T DTY 75D*100D, 181T(105*76), Recycle 60.5" | D21: RD159Z | F21: 60.5" | P21: =Jan!AH284 -> 272 | Q21: =Jan!AF284 -> 1
D22: RD152Z | H22: 91.8
B23: P/OX 130D (122T) | C23: POLY FDY 128D/36 | D23: XB061218 | F23: 60" | Q23: =Jan!AF290 -> 1
B24: LASBRAKEN | C24: POLY DTY 75D/72F, recycle | D24: RD159Z | F24: 95" | Q24: =Jan!AF294 -> 1
B25: HEDFRYLE | C25: POLY DTY 75D/72F, recycle | D25: RD159Z | F25: 94" | Q25: =Jan!AF294 -> 1
B26: WMD-74 | C26: P/OX 300D*250D, 109T(59*50) 149g/sqm, 56" | D26: 1T3035ZC-35 | F26: 56" | Q26: =Jan!AF292 -> 1
B27: P/OX 200D(105T) | C27: POLY FDY 200D/48F | D27: M5102014 | F27: 61" | Q27: =Jan!AF293 -> 1
A28: 46025 | B28: SKUBB | C28: FDY 130D, 53T(28*25th/CM) Recycle 65" PU 1TIME | D28: SC-1020 | E28: WHITE | F28: 65" | G28: 1649.43 | I28: 654 | M28: 111900 | N28: 14 | O28: =Jan!AJ272 -> 33951 | P28: =Jan!AK272 -> 30625 | Q28: =Jan!AI272 -> 87 | R28: =Jan!AJ296 -> 83409 | S28: =Jan!AK296 -> 78444 | T28: 8295 | U28: 63 | V28: =O28-T28-U28+V4 -> 49510
D29: 011-3 | E29: GREY | F29: 61" | O29: =Jan!AJ273 -> 7357 | P29: =Jan!AK273 -> 785 | Q29: =Jan!AI273 -> 3 | V29: =O29-T29-U29+V5 -> 9079
D30: 011-3 | F30: 65" | K30: 15500 | L30: 2 | M30: 88000 | N30: 11 | O30: =Jan!AJ274 -> 6318 | P30: =Jan!AK274 -> 14742 | Q30: =Jan!AI274 -> 41 | V30: =O30-T30-U30+V6 -> 7535
B31: DRONA | C31: Microfiber 75d*150d, 87T(53*34th/CM) Recycle 66.5" | D31: AAZ43 | E31: WHITE | F31: 66.5" | M31: 105900 | N31: 21 | O31: =Jan!AJ280 -> 11794 | P31: =Jan!AK280 -> 10511 | Q31: =Jan!AI280 -> 48 | T31: 18671 | V31: =O31-T31-U31+V8 -> 73838
D32: 1800A | E32: GREY | F32: 66.5" | M32: 15000 | N32: 3 | O32: =Jan!AJ281 -> 4057 | P32: =Jan!AK281 -> 3867 | Q32: =Jan!AI281 -> 17 | V32: =O32-T32-U32+V10 -> 9571
D33: DJ-234 | E33: BLACK | F33: 66.5" | M33: 30000 | N33: 6 | P33: =Jan!AK282 -> 1073 | Q33: =Jan!AI282 -> 5 | V33: =O33-T33-U33+V12 -> 1000
B34: STUK | C34: P/Rip DTY, 125D*250D 129T(70*59T) Recycle 67" PU 1TIME | D34: ABZ85,DR794Z,DR856Z | E34: CHECK BLACK | F34: 67" | O34: =Jan!AJ277 -> 7532 | P34: =Jan!AK277 -> 3902 | Q34: =Jan!AI277 -> 12 | V34: =O34-T34-U34+V15 -> 19517
D35: DR1073Z,DR856Z | F35: 67" | K35: 22900 | L35: 4 | M35: 34900 | N35: 6 | O35: =Jan!AJ278 -> 11600 | P35: =Jan!AK278 -> 11044 | Q35: =Jan!AI278 -> 34 | V35: =O35-T35-U35+V16 -> 13303
B36: WALMART | C36: P/OX 600D*300D, 64T, 135GR/SQM, recycle 67% | D36: ACZ07 | E36: WHITE | F36: 56" | O36: =Jan!AJ295 -> 800 | P36: =Jan!AK295 -> 447 | Q36: =Jan!AI295 -> 1 | V36: =O36-T36-U36+V19 -> 800
B37: HOVLIG | C37: P/DTY 300D*P/SPUN 16'S | D37: ACZ07 | F37: 56" | V37: =O37-T37-U37+V20 -> 43
B38: INNER CUSHION | C38: P/T DTY 75D*100D, 181T(105*76), Recycle 60.5" | D38: RD159Z | F38: 60.5" | P38: =Jan!AK284 -> 236 | Q38: =Jan!AI284 -> 1
B39: OVNING | C39: P/OX 300D* P/SPUN 10'S, Recycle 60" | D39: ACZ07 | F39: 60" | G39: 1763.2 | K39: 15200 | L39: 5 | P39: =Jan!AK285 -> 1212 | Q39: =Jan!AI285 -> 5
D40: JY-BMAJ10 | H40: 750
B41: TAFFETA-190T | C41: P/T 75D 190T(100*90) Recycle 60" | D41: SC-1004 | F41: 60" | G41: 1931.7 | K41: 22200 | L41: 3 | M41: 14800 | N41: 2 | Q41: =Jan!AI283 -> 3
B42: P/OX 130D (122T) | C42: POLY FDY 128D/36 | D42: XB061218 | F42: 60" | Q42: =Jan!AI290 -> 1
B43: LASBRAKEN | C43: POLY DTY 75D/72F, recycle | D43: RD159Z | F43: 95" | Q43: =Jan!AI291 -> 1
B44: HEDFRYLE | C44: POLY DTY 75D/72F, recycle | D44: RD159Z | F44: 94" | Q44: =Jan!AI294 -> 1
B45: WMD-74 | C45: P/OX 300D*250D, 109T(59*50) 149g/sqm, 56" | D45: 1T3035ZC-35 | F45: 56" | Q45: =Jan!AI292 -> 1
B46: P/OX 200D(105T) | C46: POLY FDY 200D/48F | D46: M5102014 | F46: 61" | Q46: =Jan!AI293 -> 1
A47: 46027 | B47: SKUBB | C47: FDY 130D, 53T(28*25th/CM) Recycle 65" PU 1TIME | D47: SC-1020 | E47: WHITE | F47: 65" | M47: 111900 | N47: 14 | O47: =Jan!AP272 -> 43610 | P47: =Jan!AQ272 -> 31751 | Q47: =Jan!AO272 -> 85 | R47: =Jan!AP296 -> 85689 | S47: =Jan!AQ296 -> 82080 | T47: 69055 | U47: 14 | V47: =O47-T47-U47+V28 -> 24051
D48: 011-3 | E48: GREY | F48: 61" | T48: 8972 | U48: 29
D49: 011-3 | F49: 65" | M49: 88000 | N49: 11 | O49: =Jan!AP274 -> 8876 | P49: =Jan!AQ274 -> 15556 | Q49: =Jan!AO274 -> 41 | T49: 18585
B50: DRONA | C50: Microfiber 75d*150d, 87T(53*34th/CM) Recycle 66.5" | D50: AAZ43 | E50: WHITE | F50: 66.5" | M50: 105900 | N50: 21 | O50: =Jan!AP280 -> 9861 | P50: =Jan!AQ280 -> 8642 | Q50: =Jan!AO280 -> 39 | T50: 11753 | V50: =O50-T50-U50+V31 -> 71946
D51: 1800A | E51: GREY | F51: 66.5" | M51: 15000 | N51: 3 | O51: =Jan!AP281 -> 9085 | P51: =Jan!AQ281 -> 4079 | Q51: =Jan!AO281 -> 17 | V51: =O51-T51-U51+V32 -> 18656
D52: DJ-234 | E52: BLACK | F52: 66.5" | G52: 3416.6 | K52: 30000 | L52: 6 | M52: 44000 | N52: 9 | P52: =Jan!AQ282 -> 2283 | Q52: =Jan!AO282 -> 11 | V52: =O52-T52-U52+V33 -> 1000
B53: STUK | C53: P/Rip DTY, 125D*250D 129T(70*59T) Recycle 67" PU 1TIME | D53: ABZ85,DR856Z | E53: CHECK BLACK | F53: 67"
D54: ABZ85,DR794Z,DR856Z | F54: 67" | O54: =Jan!AP277 -> 3395 | P54: =Jan!AQ277 -> 3081 | Q54: =Jan!AO277 -> 9 | T54: 16577 | U54: 2 | V54: =O54-T54-U54+V34 -> 6333
D55: DR1073Z,DR856Z | F55: 67" | K55: 16900 | L55: 3 | M55: 18000 | N55: 3 | O55: =Jan!AP278 -> 8237 | P55: =Jan!AQ278 -> 12775 | Q55: =Jan!AO278 -> 37 | T55: 20079 | V55: =O55-T55-U55+V35 -> 1461
B56: WALMART | C56: P/OX 600D*300D, 64T, 135GR/SQM, recycle 67% | D56: ACZ07 | E56: WHITE | F56: 56" | P56: =Jan!AQ295 -> 465 | Q56: =Jan!AO295 -> 1 | T56: 800
B57: OVNING | C57: P/OX 300D* P/SPUN 10'S, Recycle 60" | D57: ACZ07 | F57: 60" | O57: =Jan!AP285 -> 1200 | P57: =Jan!AQ285 -> 1675 | Q57: =Jan!AO285 -> 5 | V57: =O57-T57-U57+V39 -> 1200
B58: TAFFETA-190T | C58: P/T 75D 190T(100*90) Recycle 60" | D58: SC-1004 | F58: 60" | G58: 3477.06 | H58: 760 | K58: 22200 | L58: 3 | M58: 59200 | N58: 8 | P58: =Jan!AQ283 -> 1025 | Q58: =Jan!AO283 -> 6
B59: HOVLIG | C59: P/DTY 300D*P/SPUN 16'S | D59: ACZ07 | F59: 56" | V59: =O59-T59-U59+V37 -> 43
B60: INNER CUSHION | C60: P/T DTY 75D*100D, 181T(105*76), Recycle 60.5" | D60: RD159Z | F60: 60.5" | G60: 1641 | K60: 12000 | L60: 2 | M60: 18000 | N60: 3 | O60: =Jan!AP284 -> 1425 | P60: =Jan!AQ284 -> 748 | Q60: =Jan!AO284 -> 3 | V60: =O60-T60-U60 -> 1425
D61: RD152Z | H61: 826.2
B62: P/OX 130D (122T) | C62: POLY FDY 128D/36 | D62: XB061218 | F62: 60" | Q62: =Jan!AO290 -> 1
B63: LASBRAKEN | C63: POLY DTY 75D/72F, recycle | D63: RD159Z | F63: 95" | Q63: =Jan!AO291 -> 1
B64: HEDFRYLE | C64: POLY DTY 75D/72F, recycle | D64: RD159Z | F64: 94" | Q64: =Jan!AO294 -> 1
B65: WMD-74 | C65: P/OX 300D*250D, 109T(59*50) 149g/sqm, 56" | D65: 1T3035ZC-35 | F65: 56" | Q65: =Jan!AO292 -> 1
B66: P/OX 200D(105T) | C66: POLY FDY 200D/48F | D66: M5102014 | F66: 61" | Q66: =Jan!AO293 -> 1
A67: 46028 | B67: SKUBB | C67: FDY 130D, 53T(28*25th/CM) Recycle 65" PU 1TIME | D67: SC-1020 | E67: WHITE | F67: 65" | H67: 5760 | M67: 111900 | N67: 14 | O67: =Jan!AS272 -> 25402 | P67: =Jan!AT272 -> 31465 | Q67: =Jan!AR272 -> 85 | R67: =Jan!AS296 -> 75520 | S67: =Jan!AT296 -> 81476 | T67: 35518 | U67: 119 | V67: =O67-T67-U67+V47 -> 13816
D68: 011-3 | E68: GREY | F68: 61"
D69: 011-3 | F69: 65" | M69: 88000 | N69: 11 | O69: =Jan!AS274 -> 16319 | P69: =Jan!AT274 -> 14923 | Q69: =Jan!AR274 -> 41 | T69: 17382 | U69: 10
B70: DRONA | C70: Microfiber 75d*150d, 87T(53*34th/CM) Recycle 66.5" | D70: AAZ43 | E70: WHITE | F70: 66.5" | M70: 105900 | N70: 21 | O70: =Jan!AS280 -> 13073 | P70: =Jan!AT280 -> 7714 | Q70: =Jan!AR280 -> 34 | T70: 13562 | V70: =O70-T70-U70+V50 -> 71457
D71: AAZ86 | H71: 2916
D72: 1800A | E72: GREY | F72: 66.5" | M72: 15000 | N72: 3 | O72: =Jan!AS281 -> 3562 | P72: =Jan!AT281 -> 4016 | Q72: =Jan!AR281 -> 17 | V72: =O72-T72-U72+V51 -> 22218
D73: DJ-234 | E73: BLACK | F73: 66.5" | K73: 10000 | L73: 2 | M73: 34000 | N73: 7 | O73: =Jan!AS282 -> 1677 | P73: =Jan!AT282 -> 2899 | Q73: =Jan!AR282 -> 13 | V73: =O73-T73-U73+V52 -> 2677
D74: DJ-232A | H74: 1980
B75: STUK | C75: P/Rip DTY, 125D*250D 129T(70*59T) Recycle 67" PU 1TIME | D75: ABZ85,DR856Z | E75: CHECK BLACK | F75: 67"
D76: ABZ85,DR794Z,DR856Z | F76: 67" | O76: =Jan!AS277 -> 1687 | P76: =Jan!AT277 -> 2521 | Q76: =Jan!AR277 -> 7 | V76: =O76-T76-U76+V54 -> 8020
D77: DR1073Z,DR856Z | F77: 67" | K77: 12000 | L77: 2 | M77: 6000 | N77: 1 | O77: =Jan!AS278 -> 11490 | P77: =Jan!AT278 -> 13446 | Q77: =Jan!AR278 -> 39 | T77: 13747
B78: WALMART | C78: P/OX 600D*300D, 64T, 135GR/SQM, recycle 67% | D78: ACZ07 | E78: WHITE | F78: 56" | O78: =Jan!AS295 -> 500 | P78: =Jan!AT295 -> 460 | Q78: =Jan!AR295 -> 1 | T78: 500
B79: OVNING | C79: P/OX 300D* P/SPUN 10'S, Recycle 60" | D79: ACZ07 | F79: 60" | O79: =Jan!AS285 -> 1810 | P79: =Jan!AT285 -> 1701 | Q79: =Jan!AR285 -> 5 | V79: =O79-T79-U79+V57 -> 3010
D80: JY-BMAJ10 | H80: 750
B81: TAFFETA-190T | C81: P/T 75D 190T(100*90) Recycle 60" | D81: SC-1004 | F81: 60" | G81: 3477.06 | M81: 125800 | N81: 17 | P81: =Jan!AT283 -> 1478 | Q81: =Jan!AR283 -> 6
B82: HOVLIG | C82: P/DTY 300D*P/SPUN 16'S | D82: ACZ07 | F82: 56" | V82: =O82-T82-U82+V59 -> 43
B83: INNER CUSHION | C83: P/T DTY 75D*100D, 181T(105*76), Recycle 60.5" | D83: RD159Z | F83: 60.5" | M83: 18000 | N83: 3 | P83: =Jan!AT284 -> 853 | Q83: =Jan!AR284 -> 3 | V83: =O83-T83-U83+V60 -> 1425
B84: P/OX 130D (122T) | C84: POLY FDY 128D/36 | D84: XB061218 | F84: 60" | Q84: =Jan!AR290 -> 1
B85: LASBRAKEN | C85: POLY DTY 75D/72F, recycle | D85: RD159Z | F85: 95" | Q85: =Jan!AR291 -> 1
B86: HEDFRYLE | C86: POLY DTY 75D/72F, recycle | D86: RD159Z | F86: 94" | Q86: =Jan!AR294 -> 1
B87: WMD-74 | C87: P/OX 300D*250D, 109T(59*50) 149g/sqm, 56" | D87: 1T3035ZC-35 | F87: 56" | Q87: =Jan!AR292 -> 1
B88: P/OX 200D(105T) | C88: POLY FDY 200D/48F | D88: M5102014 | F88: 61" | Q88: =Jan!AR293 -> 1
A89: 46029 | B89: SKUBB | C89: FDY 130D, 53T(28*25th/CM) Recycle 65" PU 1TIME | D89: SC-1020 | E89: WHITE | F89: 65" | M89: 111900 | N89: 14 | O89: =Jan!AV272 -> 25707 | P89: =Jan!AW272 -> 30857 | Q89: =Jan!AU272 -> 84 | R89: =Jan!AV296 -> 87852 | S89: =Jan!AW296 -> 80593 | T89: 23973 | U89: 29 | V89: =O89-T89-U89+V67 -> 15521
D90: 011-3 | E90: GREY | F90: 61"
D91: 011-3 | F91: 65" | M91: 88000 | N91: 11 | O91: =Jan!AV274 -> 25248 | P91: =Jan!AW274 -> 15130 | Q91: =Jan!AU274 -> 41 | T91: 18405 | U91: 55 | V91: =O91-T91-U91+V69 -> 6788
B92: DRONA | C92: Microfiber 75d*150d, 87T(53*34th/CM) Recycle 66.5" | D92: AAZ43 | E92: WHITE | F92: 66.5" | M92: 105900 | N92: 21 | O92: =Jan!AV280 -> 6602 | P92: =Jan!AW280 -> 6968 | Q92: =Jan!AU280 -> 29 | T92: 19416 | V92: =O92-T92-U92+V70 -> 58643
D93: 1800A | E93: GREY | F93: 66.5" | M93: 15000 | N93: 3 | O93: =Jan!AV281 -> 1100 | P93: =Jan!AW281 -> 3970 | Q93: =Jan!AU281 -> 17 | V93: =O93-T93-U93+V72 -> 23318
D94: 1801D | H94: 1810.8
D95: DJ-234 | E95: BLACK | F95: 66.5" | K95: 15000 | L95: 3 | M95: 19000 | N95: 4 | O95: =Jan!AV282 -> 2100 | P95: =Jan!AW282 -> 3534 | Q95: =Jan!AU282 -> 16 | V95: =O95-T95-U95+V73 -> 4777
B96: STUK | C96: P/Rip DTY, 125D*250D 129T(70*59T) Recycle 67" PU 1TIME | D96: ABZ85,DR794Z,DR856Z | E96: CHECK BLACK | F96: 67" | O96: =Jan!AV277 -> 6534 | P96: =Jan!AW277 -> 1732 | Q96: =Jan!AU277 -> 6 | T96: 5920 | V96: =O96-T96-U96+V76 -> 8634
D97: DR1073Z,DR856Z | F97: 67" | K97: 6000 | L97: 1 | O97: =Jan!AV278 -> 15432 | P97: =Jan!AW278 -> 13733 | Q97: =Jan!AU278 -> 40 | T97: 7200 | V97: =O97-T97-U97+V77 -> 8232
D98: ABZ85 | E98: WHITE
D99: DR1075Z | E99: BLACK | H99: 642.6
B100: WALMART | C100: P/OX 600D*300D, 64T, 135GR/SQM, recycle 67% | D100: ACZ07 | E100: WHITE | F100: 56" | O100: =Jan!AV295 -> 461 | P100: =Jan!AW295 -> 429 | Q100: =Jan!AU295 -> 1 | V100: =O100-T100-U100+V78 -> 461
B101: OVNING | C101: P/OX 300D* P/SPUN 10'S, Recycle 60" | D101: ACZ07 | F101: 60" | O101: =Jan!AV285 -> 2410 | P101: =Jan!AW285 -> 1707 | Q101: =Jan!AU285 -> 5 | V101: =O101-T101-U101+V79 -> 5420
...

Sheet Feb
A1: 일일 생산량 현황
AS2: =SUBTOTAL(2,AS5:AS266) -> 262 | AV2: =SUBTOTAL(2,AV5:AV266) -> 262 | AY2: =SUBTOTAL(2,AY5:AY266) -> 262 | BB2: =SUBTOTAL(2,BB5:BB266) -> 262 | BC2: Tet holiday | CI2: =SUBTOTAL(2,CI5:CI266) -> 262 | CL2: =SUBTOTAL(2,CL5:CL266) -> 262 | CO2: =SUBTOTAL(2,CO5:CO266) -> 262 | CR2: =SUBTOTAL(2,CR5:CR266) -> 262 | CU2: =SUBTOTAL(2,CU5:CU266) -> 262 | CX2: =SUBTOTAL(2,CX5:CX266) -> 262
B3: 1월31일 | C3: 절포 | D3: 생산량 | E3: LOT | F3: LOT | G3: LOT | H3: LOT | I3: LOT | J3: LOT | K3: LOT | L3: LOT | M3: LOT | N3: LOT | O3: LOT | P3: LOT | Q3: LOT | R3: LOT | S3: LOT | T3: LOT | U3: LOT | V3: 2월2일 | W3: 절포 | X3: 생산량 | Y3: 2월3일 | Z3: 절포 | AA3: 생산량 | AB3: 2월4일 | AC3: 절포 | AD3: 생산량 | AE3: 2월5일 | AF3: 절포 | AG3: 생산량 | AH3: 2월6일 | AI3: 절포 | AJ3: 생산량 | AK3: 2월7일 | AL3: 절포 | AM3: 생산량 | AN3: 2월8일 | AO3: 절포 | AP3: 생산량 | AQ3: 2월9일 | AR3: 절포 | AS3: 생산량 | AT3: 2월10일 | AU3: 절포 | AV3: 생산량 | AW3: 2월11일 | AX3: 절포 | AY3: 생산량 | AZ3: 2월12일 | BA3: 절포 | BB3: 생산량 | BC3: 2월13일 | BD3: 절포 | BE3: 생산량 | BF3: 2월14일 | BG3: 절포 | BH3: 생산량 | BI3: 2월15일 | BJ3: 절포 | BK3: 생산량 | BL3: 2월16일 | BM3: 절포 | BN3: 생산량 | BO3: 2월17일 | BP3: 절포 | BQ3: 생산량 | BR3: 2월18일 | BS3: 절포 | BT3: 생산량 | BU3: 2월19일 | BV3: 절포 | BW3: 생산량 | BX3: 2월20일 | BY3: 절포 | BZ3: 생산량 | CA3: 2월21일 | CB3: 절포 | CC3: 생산량 | CD3: 2월22일 | CE3: 절포 | CF3: 생산량 | CG3: 2월23일 | CH3: 절포 | CI3: 생산량 | CJ3: 2월24일 | CK3: 절포 | CL3: 생산량 | CM3: 2월25일 | CN3: 절포 | CO3: 생산량 | CP3: 2월26일 | CQ3: 절포 | CR3: 생산량 | CS3: 2월27일 | CT3: 절포 | CU3: 생산량 | CV3: 2월28일 | CW3: 절포 | CX3: 생산량
A4: 호기 | E4: 46053 | F4: 46055 | G4: 46056 | H4: 46057 | I4: 46058 | J4: 46059 | K4: 46060 | L4: 46062 | M4: 46063 | N4: 46064 | O4: 46065 | P4: 46076 | Q4: 46077 | R4: 46078 | S4: 46079 | T4: 46080 | U4: 46081
A5: 1 | B5: 333 | C5: 1565 | D5: 337 | E5: 011-3 | F5: 011-3 | G5: 011-3 | H5: 011-3 | I5: 011-3 | J5: 011-3 | K5: SC-1020 | L5: SC-1020 | M5: SC-1020 | N5: SC-1020 | O5: SC-1020 | P5: SC-1020 | Q5: SC-1020 | R5: SC-1020 | S5: SC-1020 | T5: SC-1020 | U5: SC-1020 | V5: 718 | X5: =W5+V5-B5 -> 385 | Y5: 1080 | AA5: =Z5+Y5-V5 -> 362 | AB5: 1444 | AD5: =AC5+AB5-Y5 -> 364 | AE5: 239 | AF5: 1560 | AG5: =AF5+AE5-AB5 -> 355 | AH5: 0 | AI5: 343 | AJ5: =AI5+AH5-AE5 -> 104 | AK5: 322 | AM5: =AL5+AK5-AH5 -> 322 | AQ5: 693 | AS5: =AR5+AQ5-AK5 -> 371 | AT5: 1062 | AV5: =AU5+AT5-AQ5 -> 369 | AW5: 1431 | AY5: =AX5+AW5-AT5 -> 369 | AZ5: 1516 | BB5: =BA5+AZ5-AW5 -> 85 | CG5: 343 | CH5: 1560 | CI5: =CH5+CG5-AZ5 -> 387 | CJ5: 713 | CL5: =CK5+CJ5-CG5 -> 370 | CM5: 1084 | CO5: =CN5+CM5-CJ5 -> 371 | CP5: 1452 | CR5: =CQ5+CP5-CM5 -> 368 | CS5: 252 | CT5: 1560 | CU5: =CT5+CS5-CP5 -> 360 | CV5: 576 | CX5: =CW5+CV5-CS5 -> 324
A6: 2 | B6: 751 | D6: 215 | E6: SC-1004 | F6: SC-1004 | G6: SC-1004 | H6: SC-1004 | I6: SC-1004 | J6: SC-1004 | K6: SC-1004 | L6: SC-1004 | M6: SC-1004 | N6: 011-4 | O6: 011-4 | P6: 011-4 | Q6: 011-4 | R6: 011-4 | S6: 011-4 | T6: 011-4 | U6: 011-4 | V6: 999 | X6: =W6+V6-B6 -> 248 | Y6: 1231 | AA6: =Z6+Y6-V6 -> 232 | AB6: 1462 | AD6: =AC6+AB6-Y6 -> 231 | AE6: 1694 | AG6: =AF6+AE6-AB6 -> 232 | AH6: 1866 | AJ6: =AI6+AH6-AE6 -> 172 | AK6: 86 | AL6: 2000 | AM6: =AL6+AK6-AH6 -> 220 | AQ6: 319 | AS6: =AR6+AQ6-AK6 -> 233 | AT6: 547 | AV6: =AU6+AT6-AQ6 -> 228 | AW6: 311 | AX6: 564 | AY6: =AX6+AW6-AT6 -> 328 | AZ6: 392 | BB6: =BA6+AZ6-AW6 -> 81 | CG6: 768 | CI6: =CH6+CG6-AZ6 -> 376 | CJ6: 1119 | CL6: =CK6+CJ6-CG6 -> 351 | CM6: 1478 | CO6: =CN6+CM6-CJ6 -> 359 | CP6: 271 | CQ6: 1560 | CR6: =CQ6+CP6-CM6 -> 353 | CS6: 627 | CU6: =CT6+CS6-CP6 -> 356 | CV6: 955 | CX6: =CW6+CV6-CS6 -> 328
A7: 3 | B7: 0 | C7: 760 | D7: 268 | E7: SC-1020 | F7: SC-1020 | G7: SC-1020 | H7: SC-1020 | I7: SC-1020 | J7: SC-1020 | K7: SC-1020 | L7: SC-1020 | M7: SC-1020 | N7: SC-1020 | O7: SC-1020 | P7: SC-1020 | Q7: SC-1020 | R7: SC-1020 | S7: SC-1020 | T7: SC-1020 | U7: SC-1020 | V7: 333 | X7: =W7+V7-B7 -> 333 | Y7: 692 | AA7: =Z7+Y7-V7 -> 359 | AB7: 1054 | AD7: =AC7+AB7-Y7 -> 362 | AE7: 1422 | AG7: =AF7+AE7-AB7 -> 368 | AH7: 131 | AI7: 1560 | AJ7: =AI7+AH7-AE7 -> 269 | AK7: 163 | AL7: 316 | AM7: =AL7+AK7-AH7 -> 348 | AQ7: 527 | AS7: =AR7+AQ7-AK7 -> 364 | AT7: 884 | AV7: =AU7+AT7-AQ7 -> 357 | AW7: 1253 | AY7: =AX7+AW7-AT7 -> 369 | AZ7: 1338 | BB7: =BA7+AZ7-AW7 -> 85 | CG7: 164 | CH7: 1560 | CI7: =CH7+CG7-AZ7 -> 386 | CJ7: 529 | CL7: =CK7+CJ7-CG7 -> 365 | CM7: 900 | CO7: =CN7+CM7-CJ7 -> 371 | CP7: 1257 | CR7: =CQ7+CP7-CM7 -> 357 | CS7: 57 | CT7: 1560 | CU7: =CT7+CS7-CP7 -> 360 | CV7: 388 | CX7: =CW7+CV7-CS7 -> 331
A8: 4 | B8: 1227 | D8: 336 | E8: SC-1020 | F8: SC-1020 | G8: SC-1020 | H8: SC-1020 | I8: SC-1020 | J8: SC-1020 | K8: SC-1020 | L8: SC-1020 | M8: SC-1020 | N8: SC-1020 | O8: SC-1020 | P8: SC-1020 | Q8: SC-1020 | R8: SC-1020 | S8: SC-1020 | T8: SC-1020 | U8: SC-1020 | V8: 53 | W8: 1560 | X8: =W8+V8-B8 -> 386 | Y8: 410 | AA8: =Z8+Y8-V8 -> 357 | AB8: 766 | AD8: =AC8+AB8-Y8 -> 356 | AE8: 1132 | AG8: =AF8+AE8-AB8 -> 366 | AH8: 1403 | AJ8: =AI8+AH8-AE8 -> 271 | AK8: 168 | AL8: 1589 | AM8: =AL8+AK8-AH8 -> 354 | AQ8: 546 | AS8: =AR8+AQ8-AK8 -> 378 | AT8: 918 | AV8: =AU8+AT8-AQ8 -> 372 | AW8: 1290 | AY8: =AX8+AW8-AT8 -> 372 | AZ8: 1375 | BB8: =BA8+AZ8-AW8 -> 85 | CG8: 191 | CH8: 1560 | CI8: =CH8+CG8-AZ8 -> 376 | CJ8: 557 | CL8: =CK8+CJ8-CG8 -> 366 | CM8: 920 | CO8: =CN8+CM8-CJ8 -> 363 | CP8: 1290 | CR8: =CQ8+CP8-CM8 -> 370 | CS8: 0 | CT8: 1600 | CU8: =CT8+CS8-CP8 -> 310 | CV8: 317 | CX8: =CW8+CV8-CS8 -> 317
A9: 5 | B9: 162 | C9: 1560 | D9: 333 | E9: SC-1020 | F9: SC-1020 | G9: SC-1020 | H9: SC-1020 | I9: SC-1020 | J9: SC-1020 | K9: SC-1020 | L9: SC-1020 | M9: SC-1020 | N9: SC-1020 | O9: SC-1020 | P9: SC-1020 | Q9: SC-1020 | R9: SC-1020 | S9: SC-1020 | T9: SC-1020 | U9: SC-1020 | V9: 254 | W9: 272 | X9: =W9+V9-B9 -> 364 | Y9: 619 | AA9: =Z9+Y9-V9 -> 365 | AB9: 983 | AD9: =AC9+AB9-Y9 -> 364 | AE9: 1351 | AG9: =AF9+AE9-AB9 -> 368 | AH9: 58 | AI9: 1560 | AJ9: =AI9+AH9-AE9 -> 267 | AK9: 408 | AM9: =AL9+AK9-AH9 -> 350 | AQ9: 766 | AS9: =AR9+AQ9-AK9 -> 358 | AT9: 1131 | AV9: =AU9+AT9-AQ9 -> 365 | AW9: 1495 | AY9: =AX9+AW9-AT9 -> 364 | AZ9: 19 | BA9: 1560 | BB9: =BA9+AZ9-AW9 -> 84 | CG9: 397 | CI9: =CH9+CG9-AZ9 -> 378 | CJ9: 766 | CL9: =CK9+CJ9-CG9 -> 369 | CM9: 1123 | CO9: =CN9+CM9-CJ9 -> 357 | CP9: 1483 | CR9: =CQ9+CP9-CM9 -> 360 | CS9: 274 | CT9: 1560 | CU9: =CT9+CS9-CP9 -> 351 | CV9: 85 | CW9: 522 | CX9: =CW9+CV9-CS9 -> 333
A10: 6 | B10: 792 | D10: 338 | E10: SC-1020 | F10: SC-1020 | G10: SC-1020 | H10: SC-1020 | I10: SC-1020 | J10: SC-1020 | K10: SC-1020 | L10: SC-1020 | M10: SC-1020 | N10: SC-1020 | O10: SC-1020 | P10: SC-1020 | Q10: SC-1020 | R10: 011-4 | S10: 011-4 | T10: 011-4 | U10: 011-4 | V10: 1148 | X10: =W10+V10-B10 -> 356 | Y10: 1502 | AA10: =Z10+Y10-V10 -> 354 | AB10: 289 | AC10: 1560 | AD10: =AC10+AB10-Y10 -> 347 | AE10: 654 | AG10: =AF10+AE10-AB10 -> 365 | AH10: 922 | AJ10: =AI10+AH10-AE10 -> 268 | AK10: 1272 | AM10: =AL10+AK10-AH10 -> 350 | AQ10: 72 | AR10: 1560 | AS10: =AR10+AQ10-AK10 -> 360 | AT10: 431 | AV10: =AU10+AT10-AQ10 -> 359 | AW10: 795 | AY10: =AX10+AW10-AT10 -> 364 | AZ10: 879 | BB10: =BA10+AZ10-AW10 -> 84 | CG10: 1248 | CI10: =CH10+CG10-AZ10 -> 369 | CJ10: 0 | CK10: 1601 | CL10: =CK10+CJ10-CG10 -> 353 | CM10: 356 | CO10: =CN10+CM10-CJ10 -> 356 | CP10: 725 | CR10: =CQ10+CP10-CM10 -> 369 | CS10: 1088 | CU10: =CT10+CS10-CP10 -> 363 | CV10: 1423 | CX10: =CW10+CV10-CS10 -> 335
A11: 7 | B11: 685 | D11: 333 | E11: SC-1020 | F11: SC-1020 | G11: SC-1020 | H11: SC-1020 | I11: SC-1020 | J11: SC-1020 | K11: SC-1020 | L11: SC-1020 | M11: SC-1020 | N11: SC-1020 | O11: SC-1020 | P11: SC-1020 | Q11: SC-1020 | R11: SC-1020 | S11: SC-1020 | T11: SC-1020 | U11: SC-1020 | V11: 1075 | X11: =W11+V11-B11 -> 390 | Y11: 1438 | AA11: =Z11+Y11-V11 -> 363 | AB11: 263 | AC11: 1524 | AD11: =AC11+AB11-Y11 -> 349 | AE11: 625 | AG11: =AF11+AE11-AB11 -> 362 | AH11: 895 | AJ11: =AI11+AH11-AE11 -> 270 | AK11: 1247 | AM11: =AL11+AK11-AH11 -> 352 | AQ11: 1529 | AS11: =AR11+AQ11-AK11 -> 282 | AT11: 339 | AU11: 1560 | AV11: =AU11+AT11-AQ11 -> 370 | AW11: 306 | AX11: 404 | AY11: =AX11+AW11-AT11 -> 371 | AZ11: 392 | BB11: =BA11+AZ11-AW11 -> 86 | CG11: 783 | CI11: =CH11+CG11-AZ11 -> 391 | CJ11: 1157 | CL11: =CK11+CJ11-CG11 -> 374 | CM11: 1528 | CO11: =CN11+CM11-CJ11 -> 371 | CP11: 343 | CQ11: 1560 | CR11: =CQ11+CP11-CM11 -> 375 | CS11: 711 | CU11: =CT11+CS11-CP11 -> 368 | CV11: 1050 | CX11: =CW11+CV11-CS11 -> 339
A12: 8 | B12: 742 | D12: 211 | E12: SC-1004 | F12: SC-1004 | G12: SC-1004 | H12: SC-1004 | I12: SC-1004 | J12: SC-1004 | K12: SC-1004 | L12: SC-1004 | M12: SC-1004 | N12: 011-4 | O12: 011-4 | P12: 011-4 | Q12: 011-4 | R12: 011-4 | S12: 011-4 | T12: 011-4 | U12: 011-4 | V12: 985 | X12: =W12+V12-B12 -> 243 | Y12: 1208 | AA12: =Z12+Y12-V12 -> 223 | AB12: 1432 | AD12: =AC12+AB12-Y12 -> 224 | AE12: 1662 | AG12: =AF12+AE12-AB12 -> 230 | AH12: 1830 | AJ12: =AI12+AH12-AE12 -> 168 | AK12: 68 | AL12: 1980 | AM12: =AL12+AK12-AH12 -> 218 | AQ12: 301 | AS12: =AR12+AQ12-AK12 -> 233 | AT12: 529 | AV12: =AU12+AT12-AQ12 -> 228 | AW12: 235 | AX12: 584 | AY12: =AX12+AW12-AT12 -> 290 | AZ12: 312 | BB12: =BA12+AZ12-AW12 -> 77 | CG12: 667 | CI12: =CH12+CG12-AZ12 -> 355 | CJ12: 1006 | CL12: =CK12+CJ12-CG12 -> 339 | CM12: 33 | CN12: 1288 | CO12: =CN12+CM12-CJ12 -> 315 | CP12: 384 | CR12: =CQ12+CP12-CM12 -> 351 | CS12: 742 | CU12: =CT12+CS12-CP12 -> 358 | CV12: 1076 | CX12: =CW12+CV12-CS12 -> 334
A13: 9 | B13: 403 | D13: 343 | E13: SC-1020 | F13: SC-1020 | G13: SC-1020 | H13: SC-1020 | I13: SC-1020 | J13: SC-1020 | K13: SC-1020 | L13: SC-1020 | M13: SC-1020 | N13: SC-1020 | O13: SC-1020 | P13: SC-1020 | Q13: SC-1020 | R13: SC-1020 | S13: SC-1020 | T13: SC-1020 | U13: SC-1020 | V13: 779 | X13: =W13+V13-B13 -> 376 | Y13: 188 | Z13: 950 | AA13: =Z13+Y13-V13 -> 359 | AB13: 227 | AC13: =266+48 -> 314 | AD13: =AC13+AB13-Y13 -> 353 | AE13: 586 | AG13: =AF13+AE13-AB13 -> 359 | AH13: 859 | AJ13: =AI13+AH13-AE13 -> 273 | AK13: 1197 | AM13: =AL13+AK13-AH13 -> 338 | AQ13: 1558 | AS13: =AR13+AQ13-AK13 -> 361 | AT13: 364 | AU13: 1560 | AV13: =AU13+AT13-AQ13 -> 366 | AW13: 730 | AY13: =AX13+AW13-AT13 -> 366 | AZ13: 815 | BB13: =BA13+AZ13-AW13 -> 85 | CG13: 1179 | CI13: =CH13+CG13-AZ13 -> 364 | CJ13: 1548 | CL13: =CK13+CJ13-CG13 -> 369 | CM13: 356 | CN13: 1560 | CO13: =CN13+CM13-CJ13 -> 368 | CP13: 725 | CR13: =CQ13+CP13-CM13 -> 369 | CS13: 304 | CT13: 786 | CU13: =CT13+CS13-CP13 -> 365 | CV13: 138 | CW13: 501 | CX13: =CW13+CV13-CS13 -> 335
A14: 10 | B14: 372 | D14: 340 | E14: SC-1020 | F14: SC-1020 | G14: 011-4 | H14: 011-4 | I14: 011-4 | J14: 011-4 | K14: 011-4 | L14: 011-4 | M14: 011-4 | N14: 011-4 | O14: 011-4 | P14: 011-4 | Q14: 011-4 | R14: 011-4 | S14: 011-4 | T14: 011-4 | U14: 011-4 | V14: 0 | W14: 682 | X14: =W14+V14-B14 -> 310 | Y14: 271 | AA14: =Z14+Y14-V14 -> 271 | AB14: 623 | AD14: =AC14+AB14-Y14 -> 352 | AE14: 971 | AG14: =AF14+AE14-AB14 -> 348 | AH14: 168 | AI14: 1053 | AJ14: =AI14+AH14-AE14 -> 250 | AK14: 531 | AM14: =AL14+AK14-AH14 -> 363 | AQ14: 920 | AS14: =AR14+AQ14-AK14 -> 389 | AT14: 1303 | AV14: =AU14+AT14-AQ14 -> 383 | AW14: 129 | AX14: 1560 | AY14: =AX14+AW14-AT14 -> 386 | AZ14: 218 | BB14: =BA14+AZ14-AW14 -> 89 | CG14: 601 | CI14: =CH14+CG14-AZ14 -> 383 | CJ14: 971 | CL14: =CK14+CJ14-CG14 -> 370 | CM14: 1344 | CO14: =CN14+CM14-CJ14 -> 373 | CP14: 147 | CQ14: 1560 | CR14: =CQ14+CP14-CM14 -> 363 | CS14: 516 | CU14: =CT14+CS14-CP14 -> 369 | CV14: 858 | CX14: =CW14+CV14-CS14 -> 342
A15: 11 | B15: 1400 | D15: 330 | E15: SC-1020 | F15: SC-1020 | G15: SC-1020 | H15: SC-1020 | I15: SC-1020 | J15: SC-1020 | K15: SC-1020 | L15: SC-1020 | M15: SC-1020 | N15: SC-1020 | O15: 011-4 | P15: 011-4 | Q15: 011-4 | R15: 011-4 | S15: 011-4 | T15: 011-4 | U15: 011-4 | V15: 213 | W15: 1560 | X15: =W15+V15-B15 -> 373 | Y15: 566 | AA15: =Z15+Y15-V15 -> 353 | AB15: 924 | AD15: =AC15+AB15-Y15 -> 358 | AE15: 1279 | AG15: =AF15+AE15-AB15 -> 355 | AH15: 1546 | AJ15: =AI15+AH15-AE15 -> 267 | AK15: 328 | AL15: 1560 | AM15: =AL15+AK15-AH15 -> 342 | AQ15: 696 | AS15: =AR15+AQ15-AK15 -> 368 | AT15: 1057 | AV15: =AU15+AT15-AQ15 -> 361 | AW15: 0 | AX15: 1251 | AY15: =AX15+AW15-AT15 -> 194 | AZ15: 52 | BB15: =BA15+AZ15-AW15 -> 52 | CG15: 438 | CI15: =CH15+CG15-AZ15 -> 386 | CJ15: 803 | CL15: =CK15+CJ15-CG15 -> 365 | CM15: 1171 | CO15: =CN15+CM15-CJ15 -> 368 | CP15: 1532 | CR15: =CQ15+CP15-CM15 -> 361 | CS15: 323 | CT15: 1560 | CU15: =CT15+CS15-CP15 -> 351 | CV15: 654 | CX15: =CW15+CV15-CS15 -> 331
A16: 12 | B16: 838 | D16: 339 | E16: SC-1020 | F16: SC-1020 | G16: SC-1020 | H16: SC-1020 | I16: SC-1020 | J16: SC-1020 | K16: SC-1020 | L16: SC-1020 | M16: SC-1020 | N16: 011-4 | O16: 011-4 | P16: 011-4 | Q16: 011-4 | R16: 011-4 | S16: 011-4 | T16: 011-4 | U16: 011-4 | V16: 1223 | X16: =W16+V16-B16 -> 385 | Y16: 19 | Z16: 1560 | AA16: =Z16+Y16-V16 -> 356 | AB16: 386 | AD16: =AC16+AB16-Y16 -> 367 | AE16: 751 | AG16: =AF16+AE16-AB16 -> 365 | AH16: 1017 | AJ16: =AI16+AH16-AE16 -> 266 | AK16: 1357 | AM16: =AL16+AK16-AH16 -> 340 | AQ16: 293 | AR16: 1405 | AS16: =AR16+AQ16-AK16 -> 341 | AT16: 628 | AV16: =AU16+AT16-AQ16 -> 335 | AW16: 356 | AX16: 637 | AY16: =AX16+AW16-AT16 -> 365 | AZ16: 443 | BB16: =BA16+AZ16-AW16 -> 87 | CG16: 835 | CI16: =CH16+CG16-AZ16 -> 392 | CJ16: 1204 | CL16: =CK16+CJ16-CG16 -> 369 | CM16: 34 | CN16: 1550 | CO16: =CN16+CM16-CJ16 -> 380 | CP16: 407 | CR16: =CQ16+CP16-CM16 -> 373 | CS16: 777 | CU16: =CT16+CS16-CP16 -> 370 | CV16: 1096 | CX16: =CW16+CV16-CS16 -> 319
A17: 13 | B17: 1039 | D17: 341 | E17: SC-1020 | F17: SC-1020 | G17: SC-1020 | H17: SC-1020 | I17: SC-1020 | J17: SC-1020 | K17: SC-1020 | L17: SC-1020 | M17: SC-1020 | N17: SC-1020 | O17: SC-1020 | P17: SC-1020 | Q17: SC-1020 | R17: SC-1020 | S17: SC-1020 | T17: SC-1020 | U17: SC-1020 | V17: 1429 | X17: =W17+V17-B17 -> 390 | Y17: 234 | Z17: 1560 | AA17: =Z17+Y17-V17 -> 365 | AB17: 603 | AD17: =AC17+AB17-Y17 -> 369 | AE17: 970 | AG17: =AF17+AE17-AB17 -> 367 | AH17: 0 | AI17: 1076 | AJ17: =AI17+AH17-AE17 -> 106 | AK17: 329 | AM17: =AL17+AK17-AH17 -> 329 | AQ17: 696 | AS17: =AR17+AQ17-AK17 -> 367 | AT17: 1063 | AV17: =AU17+AT17-AQ17 -> 367 | AW17: 1434 | AY17: =AX17+AW17-AT17 -> 371 | AZ17: 1519 | BB17: =BA17+AZ17-AW17 -> 85 | CG17: 344 | CH17: 1563 | CI17: =CH17+CG17-AZ17 -> 388 | CJ17: 718 | CL17: =CK17+CJ17-CG17 -> 374 | CM17: 1091 | CO17: =CN17+CM17-CJ17 -> 373 | CP17: 1462 | CR17: =CQ17+CP17-CM17 -> 371 | CS17: 268 | CT17: 1560 | CU17: =CT17+CS17-CP17 -> 366 | CV17: 604 | CX17: =CW17+CV17-CS17 -> 336
A18: 14 | B18: 221 | C18: 1560 | D18: 338 | E18: SC-1020 | F18: SC-1020 | G18: SC-1020 | H18: SC-1020 | I18: 011-4 | J18: 011-4 | K18: 011-4 | L18: 011-4 | M18: 011-4 | N18: 011-4 | O18: 011-4 | P18: 011-4 | Q18: 011-4 | R18: 011-4 | S18: 011-4 | T18: 011-4 | U18: 011-4 | V18: 606 | X18: =W18+V18-B18 -> 385 | Y18: 971 | AA18: =Z18+Y18-V18 -> 365 | AB18: 1329 | AD18: =AC18+AB18-Y18 -> 358 | AE18: 286 | AF18: 1387 | AG18: =AF18+AE18-AB18 -> 344 | AH18: 557 | AJ18: =AI18+AH18-AE18 -> 271 | AK18: 907 | AM18: =AL18+AK18-AH18 -> 350 | AQ18: 1280 | AS18: =AR18+AQ18-AK18 -> 373 | AT18: 82 | AU18: 1560 | AV18: =AU18+AT18-AQ18 -> 362 | AW18: 460 | AY18: =AX18+AW18-AT18 -> 378 | AZ18: 547 | BB18: =BA18+AZ18-AW18 -> 87 | CG18: 942 | CI18: =CH18+CG18-AZ18 -> 395 | CJ18: 1340 | CL18: =CK18+CJ18-CG18 -> 398 | CM18: 163 | CN18: 1560 | CO18: =CN18+CM18-CJ18 -> 383 | CP18: 550 | CR18: =CQ18+CP18-CM18 -> 387 | CS18: 917 | CU18: =CT18+CS18-CP18 -> 367 | CV18: 1259 | CX18: =CW18+CV18-CS18 -> 342
A19: 15 | B19: 1266 | D19: 332 | E19: SC-1020 | F19: SC-1020 | G19: SC-1020 | H19: SC-1020 | I19: SC-1020 | J19: SC-1020 | K19: SC-1020 | L19: SC-1020 | M19: SC-1020 | N19: SC-1020 | O19: SC-1020 | P19: SC-1020 | Q19: SC-1020 | R19: SC-1020 | S19: SC-1020 | T19: SC-1020 | U19: SC-1020 | V19: 94 | W19: 1550 | X19: =W19+V19-B19 -> 378 | Y19: 443 | AA19: =Z19+Y19-V19 -> 349 | AB19: 125 | AC19: 655 | AD19: =AC19+AB19-Y19 -> 337 | AE19: 483 | AG19: =AF19+AE19-AB19 -> 358 | AH19: 731 | AJ19: =AI19+AH19-AE19 -> 248 | AK19: 313 | AL19: 743 | AM19: =AL19+AK19-AH19 -> 325 | AQ19: 677 | AS19: =AR19+AQ19-AK19 -> 364 | AT19: 1040 | AV19: =AU19+AT19-AQ19 -> 363 | AW19: 1409 | AY19: =AX19+AW19-AT19 -> 369 | AZ19: 1494 | BB19: =BA19+AZ19-AW19 -> 85 | CG19: 314 | CH19: 1570 | CI19: =CH19+CG19-AZ19 -> 390 | CJ19: 681 | CL19: =CK19+CJ19-CG19 -> 367 | CM19: 1054 | CO19: =CN19+CM19-CJ19 -> 373 | CP19: 1423 | CR19: =CQ19+CP19-CM19 -> 369 | CS19: 230 | CT19: 1560 | CU19: =CT19+CS19-CP19 -> 367 | CV19: 569 | CX19: =CW19+CV19-CS19 -> 339
A20: 16 | B20: 158 | C20: 1560 | D20: 347 | E20: 011-4 | F20: 011-4 | G20: 011-4 | H20: 011-4 | I20: 011-4 | J20: 011-4 | K20: 011-4 | L20: 011-4 | M20: 011-4 | N20: 011-4 | O20: 011-4 | P20: 011-4 | Q20: 011-4 | R20: 011-4 | S20: 011-4 | T20: 011-4 | U20: 011-4 | V20: 559 | X20: =W20+V20-B20 -> 401 | Y20: 935 | AA20: =Z20+Y20-V20 -> 376 | AB20: 1283 | AD20: =AC20+AB20-Y20 -> 348 | AE20: 99 | AF20: 1560 | AG20: =AF20+AE20-AB20 -> 376 | AH20: 370 | AJ20: =AI20+AH20-AE20 -> 271 | AK20: 716 | AM20: =AL20+AK20-AH20 -> 346 | AQ20: 1084 | AS20: =AR20+AQ20-AK20 -> 368 | AT20: 1447 | AV20: =AU20+AT20-AQ20 -> 363 | AW20: 260 | AX20: 1560 | AY20: =AX20+AW20-AT20 -> 373 | AZ20: 345 | BB20: =BA20+AZ20-AW20 -> 85 | CG20: 733 | CI20: =CH20+CG20-AZ20 -> 388 | CJ20: 1112 | CL20: =CK20+CJ20-CG20 -> 379 | CM20: 1492 | CO20: =CN20+CM20-CJ20 -> 380 | CP20: 216 | CQ20: 1600 | CR20: =CQ20+CP20-CM20 -> 324 | CS20: 570 | CU20: =CT20+CS20-CP20 -> 354 | CV20: 899 | CX20: =CW20+CV20-CS20 -> 329
A21: 17 | B21: 245 | C21: 1495 | D21: 338 | E21: 011-3 | F21: 011-3 | G21: 011-3 | H21: 011-3 | I21: 011-3 | J21: SC-1020 | K21: SC-1020 | L21: SC-1020 | M21: SC-1020 | N21: SC-1020 | O21: SC-1020 | P21: SC-1020 | Q21: SC-1020 | R21: SC-1020 | S21: SC-1020 | T21: SC-1020 | U21: SC-1020 | V21: 636 | X21: =W21+V21-B21 -> 391 | Y21: 995 | AA21: =Z21+Y21-V21 -> 359 | AB21: 1356 | AD21: =AC21+AB21-Y21 -> 361 | AE21: 0 | AF21: 1635 | AG21: =AF21+AE21-AB21 -> 279 | AH21: 237 | AJ21: =AI21+AH21-AE21 -> 237 | AK21: 580 | AM21: =AL21+AK21-AH21 -> 343 | AQ21: 937 | AS21: =AR21+AQ21-AK21 -> 357 | AT21: 1296 | AV21: =AU21+AT21-AQ21 -> 359 | AW21: 106 | AX21: 1560 | AY21: =AX21+AW21-AT21 -> 370 | AZ21: 192 | BB21: =BA21+AZ21-AW21 -> 86 | CG21: 583 | CI21: =CH21+CG21-AZ21 -> 391 | CJ21: 957 | CL21: =CK21+CJ21-CG21 -> 374 | CM21: 1333 | CO21: =CN21+CM21-CJ21 -> 376 | CP21: 145 | CQ21: 1560 | CR21: =CQ21+CP21-CM21 -> 372 | CS21: 516 | CU21: =CT21+CS21-CP21 -> 371 | CV21: 857 | CX21: =CW21+CV21-CS21 -> 341
A22: 18 | B22: 695 | D22: 346 | E22: 011-4 | F22: 011-4 | G22: 011-4 | H22: 011-4 | I22: 011-4 | J22: 011-4 | K22: 011-4 | L22: 011-4 | M22: 011-4 | N22: 011-4 | O22: 011-4 | P22: 011-4 | Q22: 011-4 | R22: 011-4 | S22: 011-4 | T22: 011-4 | U22: 011-4 | V22: 1092 | X22: =W22+V22-B22 -> 397 | Y22: 1467 | AA22: =Z22+Y22-V22 -> 375 | AB22: 281 | AC22: 1560 | AD22: =AC22+AB22-Y22 -> 374 | AE22: 648 | AG22: =AF22+AE22-AB22 -> 367 | AH22: 914 | AJ22: =AI22+AH22-AE22 -> 266 | AK22: 1259 | AM22: =AL22+AK22-AH22 -> 345 | AQ22: 66 | AR22: 1560 | AS22: =AR22+AQ22-AK22 -> 367 | AT22: 422 | AV22: =AU22+AT22-AQ22 -> 356 | AW22: 796 | AY22: =AX22+AW22-AT22 -> 374 | AZ22: 881 | BB22: =BA22+AZ22-AW22 -> 85 | CG22: 1268 | CI22: =CH22+CG22-AZ22 -> 387 | CJ22: 80 | CK22: 1560 | CL22: =CK22+CJ22-CG22 -> 372 | CM22: 456 | CO22: =CN22+CM22-CJ22 -> 376 | CP22: 829 | CR22: =CQ22+CP22-CM22 -> 373 | CS22: 1199 | CU22: =CT22+CS22-CP22 -> 370 | CV22: 1535 | CX22: =CW22+CV22-CS22 -> 336
A23: 19 | B23: 751 | D23: 339 | E23: SC-1020 | F23: SC-1020 | G23: SC-1020 | H23: SC-1020 | I23: SC-1020 | J23: SC-1020 | K23: SC-1020 | L23: SC-1020 | M23: SC-1020 | N23: SC-1020 | O23: SC-1020 | P23: SC-1020 | Q23: SC-1020 | R23: SC-1020 | S23: SC-1020 | T23: SC-1020 | U23: SC-1020 | V23: 1141 | X23: =W23+V23-B23 -> 390 | Y23: 1514 | AA23: =Z23+Y23-V23 -> 373 | AB23: 320 | AC23: 1560 | AD23: =AC23+AB23-Y23 -> 366 | AE23: 669 | AG23: =AF23+AE23-AB23 -> 349 | AH23: 937 | AJ23: =AI23+AH23-AE23 -> 268 | AK23: 253 | AL23: 1022 | AM23: =AL23+AK23-AH23 -> 338 | AQ23: 111 | AR23: 500 | AS23: =AR23+AQ23-AK23 -> 358 | AT23: 469 | AV23: =AU23+AT23-AQ23 -> 358 | AW23: 787 | AY23: =AX23+AW23-AT23 -> 318 | AZ23: 870 | BB23: =BA23+AZ23-AW23 -> 83 | CG23: 60 | CH23: 1146 | CI23: =CH23+CG23-AZ23 -> 336 | CJ23: 423 | CL23: =CK23+CJ23-CG23 -> 363 | CM23: 264 | CN23: 510 | CO23: =CN23+CM23-CJ23 -> 351 | CP23: 636 | CR23: =CQ23+CP23-CM23 -> 372 | CS23: 1007 | CU23: =CT23+CS23-CP23 -> 371 | CV23: 1344 | CX23: =CW23+CV23-CS23 -> 337
